-- --------------------------------------------------------
-- Host:                         127.0.0.1
-- Versión del servidor:         8.0.30 - MySQL Community Server - GPL
-- SO del servidor:              Win64
-- HeidiSQL Versión:             12.1.0.6537
-- --------------------------------------------------------

/*!40101 SET @OLD_CHARACTER_SET_CLIENT=@@CHARACTER_SET_CLIENT */;
/*!40101 SET NAMES utf8 */;
/*!50503 SET NAMES utf8mb4 */;
/*!40103 SET @OLD_TIME_ZONE=@@TIME_ZONE */;
/*!40103 SET TIME_ZONE='+00:00' */;
/*!40014 SET @OLD_FOREIGN_KEY_CHECKS=@@FOREIGN_KEY_CHECKS, FOREIGN_KEY_CHECKS=0 */;
/*!40101 SET @OLD_SQL_MODE=@@SQL_MODE, SQL_MODE='NO_AUTO_VALUE_ON_ZERO' */;
/*!40111 SET @OLD_SQL_NOTES=@@SQL_NOTES, SQL_NOTES=0 */;


-- Volcando estructura de base de datos para gymadminfull
CREATE DATABASE IF NOT EXISTS `gymadminfull` /*!40100 DEFAULT CHARACTER SET utf8mb4 COLLATE utf8mb4_0900_ai_ci */ /*!80016 DEFAULT ENCRYPTION='N' */;
USE `gymadminfull`;

-- Volcando estructura para tabla gymadminfull.actividadentrenador
CREATE TABLE IF NOT EXISTS `actividadentrenador` (
  `id` bigint unsigned NOT NULL AUTO_INCREMENT,
  `actividads_id` bigint unsigned NOT NULL,
  `entrenadors_id` bigint unsigned NOT NULL,
  `created_at` timestamp NULL DEFAULT NULL,
  `updated_at` timestamp NULL DEFAULT NULL,
  PRIMARY KEY (`id`)
) ENGINE=InnoDB AUTO_INCREMENT=14 DEFAULT CHARSET=utf8mb4 COLLATE=utf8mb4_unicode_ci;

-- Volcando datos para la tabla gymadminfull.actividadentrenador: ~10 rows (aproximadamente)
DELETE FROM `actividadentrenador`;
INSERT INTO `actividadentrenador` (`id`, `actividads_id`, `entrenadors_id`, `created_at`, `updated_at`) VALUES
	(1, 1, 1, '2024-05-04 00:54:04', '2024-05-04 00:54:04'),
	(2, 3, 1, '2024-05-04 00:54:56', '2024-05-04 00:54:56'),
	(3, 2, 1, '2024-05-06 16:09:31', '2024-05-06 16:09:31'),
	(4, 4, 1, '2024-05-10 00:52:06', '2024-05-10 00:52:06'),
	(5, 5, 1, '2024-05-10 00:53:09', '2024-05-10 00:53:09'),
	(6, 6, 1, '2024-05-10 00:55:08', '2024-05-10 00:55:08'),
	(7, 7, 1, '2024-05-24 00:00:45', '2024-05-24 00:00:45'),
	(8, 8, 1, '2024-05-24 00:02:27', '2024-05-24 00:02:27'),
	(9, 9, 1, '2024-05-24 00:15:59', '2024-05-24 00:15:59'),
	(10, 10, 1, '2024-05-24 00:17:05', '2024-05-24 00:17:05'),
	(11, 13, 1, '2024-05-24 00:20:50', '2024-05-24 00:20:50'),
	(12, 14, 1, '2024-05-29 21:32:38', '2024-05-29 21:32:38'),
	(13, 1, 2, '2024-06-02 21:34:13', '2024-06-02 21:34:13');

-- Volcando estructura para tabla gymadminfull.actividads
CREATE TABLE IF NOT EXISTS `actividads` (
  `id` bigint unsigned NOT NULL AUTO_INCREMENT,
  `gym_id` bigint unsigned NOT NULL,
  `Descripcion` varchar(255) COLLATE utf8mb4_unicode_ci NOT NULL,
  `cupo` int NOT NULL,
  `horario` time NOT NULL,
  `lunes` tinyint(1) NOT NULL,
  `martes` tinyint(1) NOT NULL,
  `miercoles` tinyint(1) NOT NULL,
  `jueves` tinyint(1) NOT NULL,
  `vienes` tinyint(1) NOT NULL,
  `sabado` tinyint(1) NOT NULL,
  `domingo` tinyint(1) NOT NULL,
  `created_at` timestamp NULL DEFAULT NULL,
  `updated_at` timestamp NULL DEFAULT NULL,
  PRIMARY KEY (`id`)
) ENGINE=InnoDB AUTO_INCREMENT=15 DEFAULT CHARSET=utf8mb4 COLLATE=utf8mb4_unicode_ci;

-- Volcando datos para la tabla gymadminfull.actividads: ~5 rows (aproximadamente)
DELETE FROM `actividads`;
INSERT INTO `actividads` (`id`, `gym_id`, `Descripcion`, `cupo`, `horario`, `lunes`, `martes`, `miercoles`, `jueves`, `vienes`, `sabado`, `domingo`, `created_at`, `updated_at`) VALUES
	(1, 1, 'fgsdfgsf', 15, '16:12:43', 1, 1, 1, 1, 1, 0, 1, '2024-05-03 20:12:37', '2024-06-02 21:34:13'),
	(2, 1, 'zumba', 1, '16:00:00', 1, 0, 0, 0, 1, 0, 0, '2024-05-04 00:15:11', '2024-05-24 17:46:47'),
	(3, 1, 'zumba', 150, '16:00:45', 1, 0, 1, 1, 1, 1, 1, '2024-05-04 00:54:56', '2024-05-04 00:54:56'),
	(4, 1, 'crossfit', 14, '16:00:00', 1, 1, 1, 1, 1, 0, 0, '2024-05-10 00:52:06', '2024-05-10 00:52:06'),
	(5, 1, 'crossfit 1', 12, '18:55:03', 0, 1, 0, 1, 0, 0, 0, '2024-05-10 00:53:09', '2024-05-10 00:53:09'),
	(14, 1, 'ACTIVIDAD EJEMPLO', 1, '14:00:00', 1, 1, 1, 1, 1, 1, 1, '2024-05-29 21:32:38', '2024-05-29 21:32:38');

-- Volcando estructura para tabla gymadminfull.categoriaprods
CREATE TABLE IF NOT EXISTS `categoriaprods` (
  `id` bigint unsigned NOT NULL AUTO_INCREMENT,
  `nombre` varchar(255) COLLATE utf8mb4_unicode_ci NOT NULL,
  `gym_id` bigint unsigned NOT NULL,
  `created_at` timestamp NULL DEFAULT NULL,
  `updated_at` timestamp NULL DEFAULT NULL,
  PRIMARY KEY (`id`)
) ENGINE=InnoDB AUTO_INCREMENT=3 DEFAULT CHARSET=utf8mb4 COLLATE=utf8mb4_unicode_ci;

-- Volcando datos para la tabla gymadminfull.categoriaprods: ~2 rows (aproximadamente)
DELETE FROM `categoriaprods`;
INSERT INTO `categoriaprods` (`id`, `nombre`, `gym_id`, `created_at`, `updated_at`) VALUES
	(1, 'Bebidas', 1, '2024-05-12 20:49:45', '2024-05-12 20:49:45'),
	(2, 'Accesorios', 1, '2024-05-12 20:51:53', '2024-05-12 20:51:53');

-- Volcando estructura para tabla gymadminfull.categorias
CREATE TABLE IF NOT EXISTS `categorias` (
  `id` bigint unsigned NOT NULL AUTO_INCREMENT,
  `nombre` varchar(255) COLLATE utf8mb4_unicode_ci NOT NULL,
  `created_at` timestamp NULL DEFAULT NULL,
  `updated_at` timestamp NULL DEFAULT NULL,
  PRIMARY KEY (`id`)
) ENGINE=InnoDB AUTO_INCREMENT=11 DEFAULT CHARSET=utf8mb4 COLLATE=utf8mb4_unicode_ci;

-- Volcando datos para la tabla gymadminfull.categorias: ~4 rows (aproximadamente)
DELETE FROM `categorias`;
INSERT INTO `categorias` (`id`, `nombre`, `created_at`, `updated_at`) VALUES
	(1, 'Entrenamiento Funcional', '2024-05-03 19:33:38', '2024-06-12 22:47:42'),
	(2, 'Pilates', '2024-06-01 08:54:54', '2024-06-12 22:46:13'),
	(3, 'Yoga', '2024-06-02 07:17:24', '2024-06-12 22:46:26'),
	(4, 'Spinning', '2024-06-02 07:18:05', '2024-06-12 22:46:45'),
	(5, 'Bunge', '2024-06-12 22:46:55', '2024-06-12 22:46:55'),
	(6, 'Hit', '2024-06-12 22:47:05', '2024-06-12 22:47:05'),
	(7, 'GAP', '2024-06-12 22:47:30', '2024-06-12 22:47:30'),
	(8, 'BodyAttack', '2024-06-12 22:47:50', '2024-06-12 22:47:50'),
	(9, 'agua GyM', '2024-06-12 22:48:10', '2024-06-12 22:48:10'),
	(10, 'Zumba', '2024-06-12 22:48:22', '2024-06-12 22:48:22');

-- Volcando estructura para tabla gymadminfull.clientes
CREATE TABLE IF NOT EXISTS `clientes` (
  `id` bigint unsigned NOT NULL AUTO_INCREMENT,
  `users_id` bigint unsigned NOT NULL,
  `nombre_cliente` varchar(255) COLLATE utf8mb4_unicode_ci NOT NULL,
  `apellido_cliente` varchar(255) COLLATE utf8mb4_unicode_ci NOT NULL,
  `telefono` varchar(255) COLLATE utf8mb4_unicode_ci NOT NULL,
  `telefono_emergencia` varchar(255) COLLATE utf8mb4_unicode_ci NOT NULL,
  `Sexo` varchar(255) COLLATE utf8mb4_unicode_ci NOT NULL,
  `peso` decimal(8,2) NOT NULL,
  `altura` decimal(8,2) NOT NULL,
  `gym_id` bigint unsigned NOT NULL,
  `created_at` timestamp NULL DEFAULT NULL,
  `updated_at` timestamp NULL DEFAULT NULL,
  `ruc` varchar(50) COLLATE utf8mb4_unicode_ci DEFAULT NULL,
  `razonsocial` varchar(255) COLLATE utf8mb4_unicode_ci DEFAULT NULL,
  `acceso` tinyint(1) DEFAULT NULL,
  PRIMARY KEY (`id`)
) ENGINE=InnoDB AUTO_INCREMENT=4 DEFAULT CHARSET=utf8mb4 COLLATE=utf8mb4_unicode_ci;

-- Volcando datos para la tabla gymadminfull.clientes: ~2 rows (aproximadamente)
DELETE FROM `clientes`;
INSERT INTO `clientes` (`id`, `users_id`, `nombre_cliente`, `apellido_cliente`, `telefono`, `telefono_emergencia`, `Sexo`, `peso`, `altura`, `gym_id`, `created_at`, `updated_at`, `ruc`, `razonsocial`, `acceso`) VALUES
	(1, 3, 'cliente1', 'clase 12', '09754848', '0982568154', 'femenino', 5.00, 55.00, 1, '2024-05-06 15:36:22', '2024-05-20 04:59:01', NULL, NULL, 1),
	(2, 1, 'Daril Andres', 'Diaz', '54648545', '5645654', 'masculino', 56.00, 1.50, 1, '2024-05-14 23:00:32', '2024-05-29 18:41:09', '5192306-6', 'Daril Diaz', 0),
	(3, 21, '5192306', 'dfadfa', '09872813606', '0972813605', 'masculino', 25.00, 1.58, 1, '2024-06-03 01:25:11', '2024-06-03 01:25:11', '5192306-6', 'Daril Diaz', NULL);

-- Volcando estructura para tabla gymadminfull.comidas
CREATE TABLE IF NOT EXISTS `comidas` (
  `id` bigint unsigned NOT NULL AUTO_INCREMENT,
  `nombre` varchar(255) COLLATE utf8mb4_unicode_ci NOT NULL,
  `preparacion` text COLLATE utf8mb4_unicode_ci NOT NULL,
  `gym_id` bigint unsigned NOT NULL,
  `created_at` timestamp NULL DEFAULT NULL,
  `updated_at` timestamp NULL DEFAULT NULL,
  PRIMARY KEY (`id`)
) ENGINE=InnoDB AUTO_INCREMENT=3 DEFAULT CHARSET=utf8mb4 COLLATE=utf8mb4_unicode_ci;

-- Volcando datos para la tabla gymadminfull.comidas: ~2 rows (aproximadamente)
DELETE FROM `comidas`;
INSERT INTO `comidas` (`id`, `nombre`, `preparacion`, `gym_id`, `created_at`, `updated_at`) VALUES
	(1, 'Comida 1: Arroz con leche', '<p><br></p><h3>INGREDIENTES</h3><ul><li>&nbsp;1 taza de arroz</li><li>2 1/2 tazas de leche</li><li>1/3 taza de azúcar</li><li>1/2 ramita de <a href="http://www.gourmet.cl/producto/canela-entera/"><span style="text-decoration: underline;">Canela Entera Gourmet</span></a></li><li>1 cda de <a href="http://www.gourmet.cl/producto/canela-molida/"><span style="text-decoration: underline;">Canela Molida Gourmet</span></a></li><li>1/2 cda de <a href="http://www.gourmet.cl/producto/esencia-de-vainilla/"><span style="text-decoration: underline;">Esencia de Vainilla Gourmet</span></a></li></ul><p>PREPARACIÓN</p><ol><li>En una olla, ponga el arroz, la leche, la <a href="http://www.gourmet.cl/producto/canela-entera/"><span style="text-decoration: underline;">Canela Entera Gourmet</span></a>, el azúcar y la <a href="http://www.gourmet.cl/producto/esencia-de-vainilla/"><span style="text-decoration: underline;">Esencia de Vainilla Gourmet</span></a>. Cocine por aproximadamente 20 a 30 minutos a fuego bajo.</li><li>Pruebe el arroz. Si está blando, retírelo del fuego. Si no está blando todavía, deje cocinando unos minutos más hasta que se ablande.</li><li>Revuelva todo y deje enfriar. Luego refrigere.</li><li>Sirva el arroz con leche en pocillos individuales y espolvoree sobre cada uno <a href="http://www.gourmet.cl/producto/canela-molida/"><span style="text-decoration: underline;">Canela Molida Gourmet</span></a>. Si desea, puede decorar con una ramita de <a href="http://www.gourmet.cl/producto/canela-entera/"><span style="text-decoration: underline;">Canela Entera Gourmet</span></a>.</li></ol>', 1, '2024-05-19 20:16:01', '2024-06-12 21:34:53'),
	(2, 'Fruta: Manzana verde', '<p>Manzana verde</p>', 1, '2024-05-19 20:40:33', '2024-05-19 20:40:33');

-- Volcando estructura para tabla gymadminfull.datosfacturas
CREATE TABLE IF NOT EXISTS `datosfacturas` (
  `id` bigint unsigned NOT NULL AUTO_INCREMENT,
  `timbrado` varchar(255) COLLATE utf8mb4_unicode_ci NOT NULL,
  `codigocontrol` varchar(255) COLLATE utf8mb4_unicode_ci NOT NULL,
  `vigencia` date NOT NULL,
  `vencimiento` date NOT NULL,
  `sucursal` varchar(255) COLLATE utf8mb4_unicode_ci NOT NULL,
  `activo` tinyint(1) NOT NULL,
  `gym_id` bigint unsigned NOT NULL,
  `created_at` timestamp NULL DEFAULT NULL,
  `updated_at` timestamp NULL DEFAULT NULL,
  PRIMARY KEY (`id`)
) ENGINE=InnoDB AUTO_INCREMENT=2 DEFAULT CHARSET=utf8mb4 COLLATE=utf8mb4_unicode_ci;

-- Volcando datos para la tabla gymadminfull.datosfacturas: ~0 rows (aproximadamente)
DELETE FROM `datosfacturas`;
INSERT INTO `datosfacturas` (`id`, `timbrado`, `codigocontrol`, `vigencia`, `vencimiento`, `sucursal`, `activo`, `gym_id`, `created_at`, `updated_at`) VALUES
	(1, '13824055', '8CED08B6', '2024-05-24', '2024-05-24', '001-001', 1, 1, '2024-05-23 16:07:51', '2024-05-23 16:07:51');

-- Volcando estructura para tabla gymadminfull.dietadet
CREATE TABLE IF NOT EXISTS `dietadet` (
  `id` bigint unsigned NOT NULL AUTO_INCREMENT,
  `horario` time NOT NULL,
  `cantidad` int NOT NULL,
  `comidas_id` bigint unsigned NOT NULL,
  `dietas_id` bigint unsigned NOT NULL,
  `created_at` timestamp NULL DEFAULT NULL,
  `updated_at` timestamp NULL DEFAULT NULL,
  PRIMARY KEY (`id`)
) ENGINE=InnoDB AUTO_INCREMENT=6 DEFAULT CHARSET=utf8mb4 COLLATE=utf8mb4_unicode_ci;

-- Volcando datos para la tabla gymadminfull.dietadet: ~4 rows (aproximadamente)
DELETE FROM `dietadet`;
INSERT INTO `dietadet` (`id`, `horario`, `cantidad`, `comidas_id`, `dietas_id`, `created_at`, `updated_at`) VALUES
	(1, '07:00:00', 1, 1, 2, '2024-05-19 20:45:32', '2024-05-19 20:45:32'),
	(2, '08:00:00', 1, 2, 2, '2024-05-19 20:45:32', '2024-05-19 20:45:32'),
	(3, '07:00:00', 1, 1, 3, '2024-05-24 22:52:42', '2024-05-24 22:52:42'),
	(4, '12:00:00', 2, 2, 3, '2024-05-24 22:52:42', '2024-05-24 22:52:42'),
	(5, '07:00:00', 1, 1, 1, '2024-06-02 07:53:45', '2024-06-02 07:53:45');

-- Volcando estructura para tabla gymadminfull.dietas
CREATE TABLE IF NOT EXISTS `dietas` (
  `id` bigint unsigned NOT NULL AUTO_INCREMENT,
  `fecha` date NOT NULL,
  `dias` int NOT NULL,
  `clientes_id` bigint unsigned NOT NULL,
  `entrenadors_id` bigint unsigned NOT NULL,
  `gym_id` bigint unsigned NOT NULL,
  `created_at` timestamp NULL DEFAULT NULL,
  `updated_at` timestamp NULL DEFAULT NULL,
  PRIMARY KEY (`id`)
) ENGINE=InnoDB AUTO_INCREMENT=4 DEFAULT CHARSET=utf8mb4 COLLATE=utf8mb4_unicode_ci;

-- Volcando datos para la tabla gymadminfull.dietas: ~2 rows (aproximadamente)
DELETE FROM `dietas`;
INSERT INTO `dietas` (`id`, `fecha`, `dias`, `clientes_id`, `entrenadors_id`, `gym_id`, `created_at`, `updated_at`) VALUES
	(1, '2024-05-19', 1, 1, 1, 1, '2024-05-19 20:42:31', '2024-05-19 20:42:31'),
	(2, '2024-05-19', 5, 1, 1, 1, '2024-05-19 20:45:32', '2024-05-19 20:45:32'),
	(3, '2024-05-31', 30, 2, 1, 1, '2024-05-24 22:52:42', '2024-05-24 22:52:42');

-- Volcando estructura para tabla gymadminfull.ejercicios
CREATE TABLE IF NOT EXISTS `ejercicios` (
  `id` bigint unsigned NOT NULL AUTO_INCREMENT,
  `tipoejercicios_id` bigint unsigned NOT NULL,
  `nombre_ejercicio` varchar(255) COLLATE utf8mb4_unicode_ci NOT NULL,
  `descripcion_ejercicio` text COLLATE utf8mb4_unicode_ci NOT NULL,
  `gym_id` bigint unsigned NOT NULL,
  `created_at` timestamp NULL DEFAULT NULL,
  `updated_at` timestamp NULL DEFAULT NULL,
  `maquinas_id` int DEFAULT NULL,
  PRIMARY KEY (`id`)
) ENGINE=InnoDB AUTO_INCREMENT=3 DEFAULT CHARSET=utf8mb4 COLLATE=utf8mb4_unicode_ci;

-- Volcando datos para la tabla gymadminfull.ejercicios: ~2 rows (aproximadamente)
DELETE FROM `ejercicios`;
INSERT INTO `ejercicios` (`id`, `tipoejercicios_id`, `nombre_ejercicio`, `descripcion_ejercicio`, `gym_id`, `created_at`, `updated_at`, `maquinas_id`) VALUES
	(1, 2, 'Sentadillas', '<p><figure data-trix-attachment="{&quot;contentType&quot;:&quot;image/jpeg&quot;,&quot;filename&quot;:&quot;partes-del-cuerpo-que-se-traban-en-una-sentadilla.jpg&quot;,&quot;filesize&quot;:104843,&quot;height&quot;:1353,&quot;href&quot;:&quot;http://localhost:8000/storage/b8A3N2c555TJBic6HFAsS4PEJiqfplvTy5rMW5tG.jpg&quot;,&quot;url&quot;:&quot;http://localhost:8000/storage/b8A3N2c555TJBic6HFAsS4PEJiqfplvTy5rMW5tG.jpg&quot;,&quot;width&quot;:1000}" data-trix-content-type="image/jpeg" data-trix-attributes="{&quot;caption&quot;:&quot;sentadillas&quot;,&quot;presentation&quot;:&quot;gallery&quot;}" class="attachment attachment--preview attachment--jpg"><a href="http://localhost:8000/storage/b8A3N2c555TJBic6HFAsS4PEJiqfplvTy5rMW5tG.jpg"><img src="http://192.168.66.124:8000/storage/b8A3N2c555TJBic6HFAsS4PEJiqfplvTy5rMW5tG.jpg" width="1000" height="1353"><figcaption class="attachment__caption attachment__caption--edited">sentadillas</figcaption></a></figure></p>', 1, '2024-05-09 16:06:22', '2024-05-09 16:17:14', 3),
	(2, 2, 'Sentadilla libre', '<p><figure data-trix-attachment="{&quot;contentType&quot;:&quot;image/gif&quot;,&quot;filename&quot;:&quot;01241301-Barbell-Wide-Squat_Thighs_720.gif&quot;,&quot;filesize&quot;:1140992,&quot;height&quot;:720,&quot;href&quot;:&quot;http://localhost:8000/storage/qbLe3ilyoOEyMRzlGJITyauyWkkqfqu9940TgE68.gif&quot;,&quot;url&quot;:&quot;http://localhost:8000/storage/qbLe3ilyoOEyMRzlGJITyauyWkkqfqu9940TgE68.gif&quot;,&quot;width&quot;:720}" data-trix-content-type="image/gif" data-trix-attributes="{&quot;presentation&quot;:&quot;gallery&quot;}" class="attachment attachment--preview attachment--gif"><a href="http://localhost:8000/storage/qbLe3ilyoOEyMRzlGJITyauyWkkqfqu9940TgE68.gif"><img src="http://192.168.66.124:8000/storage/qbLe3ilyoOEyMRzlGJITyauyWkkqfqu9940TgE68.gif" width="720" height="720"><figcaption class="attachment__caption"><span class="attachment__name">01241301-Barbell-Wide-Squat_Thighs_720.gif</span> <span class="attachment__size">1.09 MB</span></figcaption></a></figure></p>', 1, '2024-05-09 16:19:47', '2024-06-02 19:20:43', 3);

-- Volcando estructura para tabla gymadminfull.entrenadors
CREATE TABLE IF NOT EXISTS `entrenadors` (
  `id` bigint unsigned NOT NULL AUTO_INCREMENT,
  `users_id` bigint unsigned NOT NULL,
  `nombre_entrenador` varchar(255) COLLATE utf8mb4_unicode_ci NOT NULL,
  `apellido_entrenador` varchar(255) COLLATE utf8mb4_unicode_ci NOT NULL,
  `telefono` varchar(255) COLLATE utf8mb4_unicode_ci NOT NULL,
  `telefono_emergencia` varchar(255) COLLATE utf8mb4_unicode_ci NOT NULL,
  `Sexo` varchar(255) COLLATE utf8mb4_unicode_ci NOT NULL,
  `especialidad` text COLLATE utf8mb4_unicode_ci NOT NULL,
  `gym_id` bigint unsigned NOT NULL,
  `created_at` timestamp NULL DEFAULT NULL,
  `updated_at` timestamp NULL DEFAULT NULL,
  PRIMARY KEY (`id`)
) ENGINE=InnoDB AUTO_INCREMENT=3 DEFAULT CHARSET=utf8mb4 COLLATE=utf8mb4_unicode_ci;

-- Volcando datos para la tabla gymadminfull.entrenadors: ~1 rows (aproximadamente)
DELETE FROM `entrenadors`;
INSERT INTO `entrenadors` (`id`, `users_id`, `nombre_entrenador`, `apellido_entrenador`, `telefono`, `telefono_emergencia`, `Sexo`, `especialidad`, `gym_id`, `created_at`, `updated_at`) VALUES
	(1, 1, 'entrenador_gym1', 'oasis', '09754848', '0982568154', 'Masculino', 'dfadfa', 1, '2024-05-04 00:52:59', '2024-05-04 00:52:59'),
	(2, 4, 'Juan ', 'Pérez', '0975484878', '0982568154', 'masculino', '<p>Juan Pérez es un entrenador con más de 10 años de experiencia en el mundo del fitness y la salud. Su especialidad es el entrenamiento funcional, una disciplina que se centra en ejercicios que mejoran la fuerza, la movilidad y la estabilidad del cuerpo en su conjunto. Estos ejercicios están diseñados para imitar los movimientos que se realizan en la vida cotidiana, ayudando a sus clientes a desarrollar una mejor postura, equilibrio y rendimiento físico general.</p><p>Además de su enfoque en el entrenamiento funcional, Juan es un experto en nutrición deportiva. Ha asesorado a numerosos atletas en la optimización de sus dietas para mejorar el rendimiento y la recuperación. Con un enfoque personalizado, Juan crea planes de alimentación adaptados a las necesidades individuales de cada cliente, asegurando que obtengan los nutrientes necesarios para alcanzar sus metas de salud y rendimiento.</p><p><strong>Certificaciones:</strong></p><ul><li>Certificado en Entrenamiento Funcional por la International Sports Sciences Association (ISSA)</li><li>Diplomado en Nutrición Deportiva por la American Council on Exercise (ACE)</li><li>Curso de Primeros Auxilios y Reanimación Cardiopulmonar (RCP)</li></ul><p><strong>Áreas de Enfoque:</strong></p><ul><li>Mejora de la movilidad y flexibilidad</li><li>Programas de pérdida de peso y tonificación</li><li>Aumento de la fuerza y resistencia</li><li>Asesoramiento en suplementación deportiva</li><li>Planificación de dietas personalizadas</li></ul>', 1, '2024-06-02 07:52:18', '2024-06-02 07:52:18');

-- Volcando estructura para tabla gymadminfull.facturadet
CREATE TABLE IF NOT EXISTS `facturadet` (
  `id` bigint unsigned NOT NULL AUTO_INCREMENT,
  `facturas_id` bigint unsigned NOT NULL,
  `impuestos_id` bigint unsigned NOT NULL,
  `descripcion` varchar(255) COLLATE utf8mb4_unicode_ci NOT NULL,
  `cantidad` decimal(10,2) DEFAULT NULL,
  `precio` int NOT NULL,
  `created_at` timestamp NULL DEFAULT NULL,
  `updated_at` timestamp NULL DEFAULT NULL,
  PRIMARY KEY (`id`)
) ENGINE=InnoDB AUTO_INCREMENT=16 DEFAULT CHARSET=utf8mb4 COLLATE=utf8mb4_unicode_ci;

-- Volcando datos para la tabla gymadminfull.facturadet: ~14 rows (aproximadamente)
DELETE FROM `facturadet`;
INSERT INTO `facturadet` (`id`, `facturas_id`, `impuestos_id`, `descripcion`, `cantidad`, `precio`, `created_at`, `updated_at`) VALUES
	(1, 1, 3, 'mensualidad gym', 1.00, 150000, '2024-05-23 17:17:04', '2024-05-23 17:17:04'),
	(2, 1, 1, 'mandioca', 1.00, 50000, '2024-05-23 21:18:45', '2024-05-23 21:18:45'),
	(4, 14, 3, 'suscripcion crossfit', 1.00, 50000, '2024-05-24 20:38:08', '2024-05-24 20:38:08'),
	(5, 15, 3, 'suscripcion crossfit', 1.00, 50000, '2024-05-24 20:41:36', '2024-05-24 20:41:36'),
	(6, 16, 3, 'suscripcion crossfit', 1.00, 50000, '2024-05-25 21:59:12', '2024-05-25 21:59:12'),
	(7, 17, 3, 'suscripcion crossfit', 1.00, 50000, '2024-05-25 22:03:04', '2024-05-25 22:03:04'),
	(8, 18, 3, 'suscripcion crossfit', 1.00, 50000, '2024-05-25 22:12:16', '2024-05-25 22:12:16'),
	(9, 19, 3, 'suscripcion crossfit', 1.00, 50000, '2024-05-25 22:12:48', '2024-05-25 22:12:48'),
	(10, 20, 3, 'sgfdsgs', 1.00, 50000, '2024-05-27 19:34:14', '2024-05-27 19:34:14'),
	(11, 21, 3, 'suscripcion crossfit', 1.00, 50000, '2024-05-29 05:22:23', '2024-05-29 05:22:23'),
	(12, 22, 3, 'suscripcion crossfit', 1.00, 50000, '2024-05-29 18:44:20', '2024-05-29 18:44:20'),
	(13, 23, 3, 'suscripcion crossfit', 1.00, 50000, '2024-05-29 19:48:38', '2024-05-29 19:48:38'),
	(14, 24, 3, 'suscripcion crossfit', 1.00, 50000, '2024-05-29 19:50:24', '2024-05-29 19:50:24'),
	(15, 25, 3, 'suscripcion crossfit', 1.00, 40000, '2024-05-29 20:07:28', '2024-05-29 20:07:28');

-- Volcando estructura para tabla gymadminfull.facturas
CREATE TABLE IF NOT EXISTS `facturas` (
  `id` bigint unsigned NOT NULL AUTO_INCREMENT,
  `sucursal` varchar(255) COLLATE utf8mb4_unicode_ci NOT NULL,
  `nfactura` int NOT NULL,
  `valorFactura` int NOT NULL,
  `valorImpuesto` int NOT NULL,
  `datosfacturas_id` bigint unsigned NOT NULL,
  `clientes_id` bigint unsigned NOT NULL,
  `gym_id` bigint unsigned NOT NULL,
  `created_at` timestamp NULL DEFAULT NULL,
  `updated_at` timestamp NULL DEFAULT NULL,
  `fecha` date DEFAULT NULL,
  PRIMARY KEY (`id`)
) ENGINE=InnoDB AUTO_INCREMENT=26 DEFAULT CHARSET=utf8mb4 COLLATE=utf8mb4_unicode_ci;

-- Volcando datos para la tabla gymadminfull.facturas: ~16 rows (aproximadamente)
DELETE FROM `facturas`;
INSERT INTO `facturas` (`id`, `sucursal`, `nfactura`, `valorFactura`, `valorImpuesto`, `datosfacturas_id`, `clientes_id`, `gym_id`, `created_at`, `updated_at`, `fecha`) VALUES
	(1, '001-001', 1, 150000, 14000, 1, 1, 1, '2024-05-23 17:17:04', '2024-05-23 17:17:04', '2024-05-23'),
	(11, '1', 1, 50000, 1, 1, 2, 1, '2024-05-24 20:27:52', '2024-05-24 20:27:52', '2024-05-24'),
	(12, '1', 1, 50000, 1, 1, 2, 1, '2024-05-24 20:36:02', '2024-05-24 20:36:02', '2024-05-24'),
	(13, '1', 1, 50000, 1, 1, 2, 1, '2024-05-24 20:36:43', '2024-05-24 20:36:43', '2024-05-24'),
	(14, '1', 1, 50000, 1, 1, 2, 1, '2024-05-24 20:38:08', '2024-05-24 20:38:08', '2024-05-24'),
	(15, '1', 1, 50000, 1, 1, 2, 1, '2024-05-24 20:41:36', '2024-05-24 20:41:36', '2024-05-24'),
	(16, '1', 1, 50000, 1, 1, 2, 1, '2024-05-25 21:59:12', '2024-05-25 21:59:12', '2024-05-25'),
	(17, '1', 1, 50000, 1, 1, 2, 1, '2024-05-25 22:03:04', '2024-05-25 22:03:04', '2024-05-25'),
	(18, '1', 1, 50000, 1, 1, 2, 1, '2024-05-25 22:12:16', '2024-05-25 22:12:16', '2024-05-25'),
	(19, '1', 1, 50000, 1, 1, 2, 1, '2024-05-25 22:12:48', '2024-05-25 22:12:48', '2024-05-25'),
	(20, '001-001', 1, 50000, 4546, 1, 1, 1, '2024-05-27 19:34:14', '2024-05-27 19:34:14', '2024-05-27'),
	(21, '1', 1, 50000, 1, 1, 2, 1, '2024-05-29 05:22:23', '2024-05-29 05:22:23', '2024-05-29'),
	(22, '1', 1, 50000, 1, 1, 2, 1, '2024-05-29 18:44:20', '2024-05-29 18:44:20', '2024-05-29'),
	(23, '1', 1, 50000, 1, 1, 2, 1, '2024-05-29 19:48:38', '2024-05-29 19:48:38', '2024-05-29'),
	(24, '1', 1, 50000, 1, 1, 2, 1, '2024-05-29 19:50:24', '2024-05-29 19:50:24', '2024-05-29'),
	(25, '1', 1, 40000, 1, 1, 2, 1, '2024-05-29 20:07:28', '2024-05-29 20:07:28', '2024-05-29');

-- Volcando estructura para tabla gymadminfull.failed_jobs
CREATE TABLE IF NOT EXISTS `failed_jobs` (
  `id` bigint unsigned NOT NULL AUTO_INCREMENT,
  `uuid` varchar(255) COLLATE utf8mb4_unicode_ci NOT NULL,
  `connection` text COLLATE utf8mb4_unicode_ci NOT NULL,
  `queue` text COLLATE utf8mb4_unicode_ci NOT NULL,
  `payload` longtext COLLATE utf8mb4_unicode_ci NOT NULL,
  `exception` longtext COLLATE utf8mb4_unicode_ci NOT NULL,
  `failed_at` timestamp NOT NULL DEFAULT CURRENT_TIMESTAMP,
  PRIMARY KEY (`id`),
  UNIQUE KEY `failed_jobs_uuid_unique` (`uuid`)
) ENGINE=InnoDB DEFAULT CHARSET=utf8mb4 COLLATE=utf8mb4_unicode_ci;

-- Volcando datos para la tabla gymadminfull.failed_jobs: ~0 rows (aproximadamente)
DELETE FROM `failed_jobs`;

-- Volcando estructura para tabla gymadminfull.formapagos
CREATE TABLE IF NOT EXISTS `formapagos` (
  `id` bigint unsigned NOT NULL AUTO_INCREMENT,
  `nombre` varchar(255) COLLATE utf8mb4_unicode_ci NOT NULL,
  `created_at` timestamp NULL DEFAULT NULL,
  `updated_at` timestamp NULL DEFAULT NULL,
  PRIMARY KEY (`id`)
) ENGINE=InnoDB AUTO_INCREMENT=4 DEFAULT CHARSET=utf8mb4 COLLATE=utf8mb4_unicode_ci;

-- Volcando datos para la tabla gymadminfull.formapagos: ~2 rows (aproximadamente)
DELETE FROM `formapagos`;
INSERT INTO `formapagos` (`id`, `nombre`, `created_at`, `updated_at`) VALUES
	(1, 'Efectivo', '2024-05-13 01:22:00', '2024-05-13 01:22:00'),
	(2, 'Transferencia', '2024-05-13 01:22:15', '2024-05-13 01:22:15'),
	(3, 'Pos', '2024-05-13 01:22:49', '2024-05-13 01:22:49');

-- Volcando estructura para tabla gymadminfull.gyms
CREATE TABLE IF NOT EXISTS `gyms` (
  `id` bigint unsigned NOT NULL AUTO_INCREMENT,
  `name` varchar(255) CHARACTER SET utf8mb4 COLLATE utf8mb4_unicode_ci NOT NULL,
  `longitud` double NOT NULL,
  `latitud` double NOT NULL,
  `descripcion` text COLLATE utf8mb4_unicode_ci NOT NULL,
  `imagen` text COLLATE utf8mb4_unicode_ci NOT NULL,
  `categorias_id` bigint unsigned NOT NULL,
  `created_at` timestamp NULL DEFAULT NULL,
  `updated_at` timestamp NULL DEFAULT NULL,
  `habilitado` tinyint(1) DEFAULT '1',
  `location` text COLLATE utf8mb4_unicode_ci,
  `ruc` varchar(50) COLLATE utf8mb4_unicode_ci DEFAULT NULL,
  `razonsocial` varchar(255) COLLATE utf8mb4_unicode_ci DEFAULT NULL,
  `direccion` varchar(255) COLLATE utf8mb4_unicode_ci DEFAULT NULL,
  `servicios` varchar(255) COLLATE utf8mb4_unicode_ci DEFAULT NULL,
  PRIMARY KEY (`id`)
) ENGINE=InnoDB AUTO_INCREMENT=4 DEFAULT CHARSET=utf8mb4 COLLATE=utf8mb4_unicode_ci;

-- Volcando datos para la tabla gymadminfull.gyms: ~2 rows (aproximadamente)
DELETE FROM `gyms`;
INSERT INTO `gyms` (`id`, `name`, `longitud`, `latitud`, `descripcion`, `imagen`, `categorias_id`, `created_at`, `updated_at`, `habilitado`, `location`, `ruc`, `razonsocial`, `direccion`, `servicios`) VALUES
	(1, 'Titan Fit', -57.43267250061, -23.411077648082, '<p>Bienvenido a <strong>Titan Fit</strong>, donde la fuerza y la dedicación se encuentran para transformar tu vida. Nuestro gimnasio de última generación está diseñado para ayudarte a alcanzar tus objetivos de fitness, ya sea que estés comenzando tu viaje de bienestar o buscando llevar tu entrenamiento al siguiente nivel.</p><p>En <strong>Titan Fit</strong>, creemos que cada persona merece un enfoque personalizado para alcanzar su máximo potencial. Por eso, ofrecemos una variedad de programas y clases grupales que incluyen desde entrenamiento funcional, HIIT (entrenamiento de intervalos de alta intensidad) y cardio intensivo hasta yoga, pilates y clases de baile, adaptándose a todas las edades y niveles de condición física.</p><p>Nuestras instalaciones están equipadas con tecnología de punta y cuentan con áreas especializadas para levantamiento de pesas, entrenamiento cardiovascular, y zonas de relajación. Además, disponemos de un área de spa y bienestar, donde puedes disfrutar de masajes terapéuticos, sauna y baños de vapor, perfectos para la recuperación muscular y el alivio del estrés.</p><p>En <strong>Titan Fit</strong>, nuestro equipo de entrenadores profesionales está comprometido a proporcionar orientación y apoyo constante para ayudarte a superar tus límites y alcanzar tus metas. Cada miembro de nuestro personal está altamente capacitado y certificado, garantizando que recibas el mejor asesoramiento y un entrenamiento seguro y efectivo. También ofrecemos evaluaciones físicas personalizadas y planes de entrenamiento diseñados específicamente para tus necesidades y objetivos individuales.</p><p>Para aquellos que buscan una experiencia más integral, <strong>Titan Fit</strong> ofrece programas de nutrición personalizados y asesoramiento dietético para complementar tu régimen de ejercicios. Sabemos que una buena alimentación es clave para lograr resultados duraderos, por lo que trabajamos contigo para desarrollar un plan que se ajuste a tu estilo de vida y metas.</p><p>Además de nuestras instalaciones y servicios de primera clase, <strong>Titan Fit</strong> es una comunidad de personas con ideas afines que comparten una pasión por el bienestar y el fitness. Organizamos eventos sociales, desafíos de fitness y talleres educativos para mantener a nuestros miembros motivados y conectados. Aquí, encontrarás un ambiente amigable y acogedor donde todos son bienvenidos y apoyados en su camino hacia una vida más saludable.</p><p>Únete a <strong>Titan Fit</strong> y descubre la diferencia que puede hacer un gimnasio comprometido con tu éxito. Con nosotros, no solo mejorarás tu condición física, sino que también desarrollarás una mentalidad más fuerte y resiliente. ¡Ven y forma parte de nuestra familia Titan Fit hoy mismo!</p>', '01J06WXEHAQYZC3ZZM3K77F526.png', 2, '2024-05-03 19:36:50', '2024-06-12 22:56:10', 1, '{"lat":-23.41107764808181,"lng":-57.432672500610344}', '80075982-7', 'Titan Fit', 'Pte. Franco c/ Yegros', 'Servicios personales, anexo ventas minorista'),
	(2, 'gym2', -57.360948867187496, -23.39866842071863, '<p>fadfadfa</p>', '01J06WKSN7T0FE7YX5VXBZHWB3.webp', 1, '2024-05-13 03:35:20', '2024-06-12 22:50:53', 1, '{"lat":-23.39866842071863,"lng":-57.360948867187496}', '5192306-6', 'Titan Fit', 'Pte. Franco c/ Yegros', 'Servicios personales, anexo ventas minorista'),
	(3, 'Sport club', -57.335083007812, -23.358531024441, '<p>Ubicado en el corazón de la ciudad de Concepción, el Gym Sport Club ofrece un ambiente dinámico y acogedor para personas de todas las edades y niveles de condición física. Nuestro objetivo es proporcionar un espacio donde puedas alcanzar tus metas de fitness de manera efectiva y divertida.</p><p><strong>Instalaciones de Vanguardia</strong>: Nuestras instalaciones cuentan con equipos de última generación, desde máquinas cardiovasculares hasta pesas libres, diseñadas para satisfacer las necesidades de todos los miembros. Además, disponemos de áreas especializadas para clases grupales, como spinning, zumba, yoga y entrenamiento funcional.</p><p><strong>Entrenadores Profesionales</strong>: Nuestro equipo de entrenadores certificados está comprometido a brindarte el apoyo y la orientación que necesitas para alcanzar tus objetivos. Ya sea que estés buscando perder peso, tonificar tu cuerpo o mejorar tu rendimiento deportivo, nuestros entrenadores están aquí para ayudarte en cada paso del camino.</p><p><strong>Ambiente Motivador</strong>: En el Gym Sport Club, te encontrarás rodeado de una comunidad de personas motivadas y comprometidas con su bienestar. Nuestro ambiente amigable y positivo te inspirará a superar tus límites y alcanzar tu máximo potencial.</p><p><strong>Programas Personalizados</strong>: Entendemos que cada persona es única, por lo que ofrecemos programas de entrenamiento personalizados adaptados a tus necesidades y preferencias individuales. Ya sea que prefieras entrenamiento en grupo o sesiones uno a uno, estamos aquí para diseñar un plan que funcione para ti.</p><p><strong>Conveniencia y Flexibilidad</strong>: Nos esforzamos por hacer que tu experiencia en el gimnasio sea lo más conveniente y flexible posible. Con horarios extendidos de apertura y una variedad de clases disponibles durante todo el día, puedes encontrar el momento perfecto para entrenar, sin importar tu horario.</p><p>Únete al Gym Sport Club Concepción hoy mismo y descubre cómo podemos ayudarte a alcanzar tus metas de fitness de manera efectiva y emocionante.</p><p>d</p>', '01J06WNCN3VTKBNZXPQEM68VED.jpg', 1, '2024-05-27 00:01:42', '2024-06-12 22:53:16', 1, '{"lat":-23.358531024441117,"lng":-57.33508300781249}', '5192306-6', 'Sport club', 'Pte. Franco c/ Yegros', 'Servicios personales, anexo ventas minorista');

-- Volcando estructura para tabla gymadminfull.gym_user
CREATE TABLE IF NOT EXISTS `gym_user` (
  `id` bigint unsigned NOT NULL AUTO_INCREMENT,
  `gym_id` bigint unsigned NOT NULL,
  `user_id` bigint unsigned NOT NULL,
  `created_at` timestamp NULL DEFAULT NULL,
  `updated_at` timestamp NULL DEFAULT NULL,
  PRIMARY KEY (`id`)
) ENGINE=InnoDB AUTO_INCREMENT=15 DEFAULT CHARSET=utf8mb4 COLLATE=utf8mb4_unicode_ci;

-- Volcando datos para la tabla gymadminfull.gym_user: ~9 rows (aproximadamente)
DELETE FROM `gym_user`;
INSERT INTO `gym_user` (`id`, `gym_id`, `user_id`, `created_at`, `updated_at`) VALUES
	(1, 1, 1, '2024-05-03 19:37:34', '2024-05-03 19:37:35'),
	(3, 2, 2, '2024-05-13 03:38:00', '2024-05-13 03:38:00'),
	(5, 1, 2, '2024-05-13 04:24:26', '2024-05-13 04:24:26'),
	(7, 2, 1, '2024-05-17 23:35:09', '2024-05-17 23:35:09'),
	(8, 1, 3, '2024-06-02 17:51:39', '2024-06-02 17:51:40'),
	(10, 3, 20, NULL, '2024-06-12 22:51:46'),
	(14, 1, 15, NULL, NULL);

-- Volcando estructura para tabla gymadminfull.impuestos
CREATE TABLE IF NOT EXISTS `impuestos` (
  `id` bigint unsigned NOT NULL AUTO_INCREMENT,
  `nombre` varchar(255) COLLATE utf8mb4_unicode_ci NOT NULL,
  `valor` double NOT NULL,
  `incluido` tinyint(1) NOT NULL,
  `created_at` timestamp NULL DEFAULT NULL,
  `updated_at` timestamp NULL DEFAULT NULL,
  PRIMARY KEY (`id`)
) ENGINE=InnoDB AUTO_INCREMENT=4 DEFAULT CHARSET=utf8mb4 COLLATE=utf8mb4_unicode_ci;

-- Volcando datos para la tabla gymadminfull.impuestos: ~2 rows (aproximadamente)
DELETE FROM `impuestos`;
INSERT INTO `impuestos` (`id`, `nombre`, `valor`, `incluido`, `created_at`, `updated_at`) VALUES
	(1, 'Exenta', 0, 1, '2024-05-22 22:05:26', '2024-05-22 22:05:26'),
	(2, 'IVA 5%', 5, 1, '2024-05-22 22:05:43', '2024-05-22 22:05:43'),
	(3, 'IVA 10%', 10, 1, '2024-05-22 22:06:01', '2024-05-22 22:06:13');

-- Volcando estructura para tabla gymadminfull.maquinas
CREATE TABLE IF NOT EXISTS `maquinas` (
  `id` bigint unsigned NOT NULL AUTO_INCREMENT,
  `nombre` varchar(255) COLLATE utf8mb4_unicode_ci NOT NULL,
  `Cantidad disponible` text COLLATE utf8mb4_unicode_ci NOT NULL,
  `gym_id` bigint unsigned NOT NULL,
  `created_at` timestamp NULL DEFAULT NULL,
  `updated_at` timestamp NULL DEFAULT NULL,
  PRIMARY KEY (`id`)
) ENGINE=InnoDB AUTO_INCREMENT=4 DEFAULT CHARSET=utf8mb4 COLLATE=utf8mb4_unicode_ci;

-- Volcando datos para la tabla gymadminfull.maquinas: ~2 rows (aproximadamente)
DELETE FROM `maquinas`;
INSERT INTO `maquinas` (`id`, `nombre`, `Cantidad disponible`, `gym_id`, `created_at`, `updated_at`) VALUES
	(1, 'Caminadora', '2', 1, '2024-06-02 19:14:16', '2024-06-02 19:14:16'),
	(2, 'Ergométrica', '3', 1, '2024-06-02 19:14:20', '2024-06-02 19:14:20'),
	(3, 'Pesa Olimpica', '2', 1, '2024-06-02 19:20:21', '2024-06-02 19:20:21');

-- Volcando estructura para tabla gymadminfull.migrations
CREATE TABLE IF NOT EXISTS `migrations` (
  `id` int unsigned NOT NULL AUTO_INCREMENT,
  `migration` varchar(255) COLLATE utf8mb4_unicode_ci NOT NULL,
  `batch` int NOT NULL,
  PRIMARY KEY (`id`)
) ENGINE=InnoDB AUTO_INCREMENT=63 DEFAULT CHARSET=utf8mb4 COLLATE=utf8mb4_unicode_ci;

-- Volcando datos para la tabla gymadminfull.migrations: ~34 rows (aproximadamente)
DELETE FROM `migrations`;
INSERT INTO `migrations` (`id`, `migration`, `batch`) VALUES
	(1, '2014_10_12_000000_create_users_table', 1),
	(2, '2014_10_12_100000_create_password_reset_tokens_table', 1),
	(3, '2019_08_19_000000_create_failed_jobs_table', 1),
	(4, '2019_12_14_000001_create_personal_access_tokens_table', 1),
	(5, '2024_04_30_154657_create_categorias_table', 1),
	(6, '2024_04_30_154714_create_gyms_table', 1),
	(7, '2024_04_30_174138_create_sliders_table', 1),
	(8, '2024_04_30_174220_create_tipoejercicios_table', 1),
	(9, '2024_04_30_202201_create_gymusers_table', 1),
	(10, '2024_05_03_154106_create_actividads_table', 1),
	(11, '2024_05_03_202952_create_clientes_table', 2),
	(12, '2024_05_03_202959_create_entrenadors_table', 3),
	(14, '2024_05_03_203920_create_actividadentrenadors_table', 4),
	(15, '2024_05_04_020724_create_suscripcions_table', 5),
	(17, '2024_05_05_222632_create_pagos_table', 6),
	(18, '2024_05_07_172633_create_ejercicios_table', 7),
	(19, '2024_05_08_023700_create_rutinas_table', 8),
	(20, '2024_05_08_023711_create_rutinadets_table', 8),
	(21, '2024_05_09_122543_create_visitas_table', 9),
	(37, '2024_05_10_185128_create_categoriaprods_table', 10),
	(38, '2024_05_10_185144_create_productos_table', 10),
	(39, '2024_05_10_185155_create_ventas_table', 10),
	(40, '2024_05_10_185201_create_ventadets_table', 10),
	(42, '2024_05_12_211230_create_formapagos_table', 11),
	(44, '2024_05_12_211259_create_movimientos_table', 12),
	(45, '2024_05_17_114541_create_permission_tables', 13),
	(46, '2024_05_19_155807_create_comidas_table', 14),
	(47, '2024_05_19_155808_create_dietas_table', 14),
	(49, '2024_05_19_155813_create_dietadets_table', 15),
	(50, '2024_05_21_002107_create_impuestos_table', 16),
	(56, '2024_05_21_002108_create_datosfacturas_table', 17),
	(59, '2024_05_21_002112_create_facturas_table', 18),
	(60, '2024_05_22_172222_create_facturadets_table', 18),
	(61, '2024_05_04_153545_create_tarifas_table', 19),
	(62, '2024_06_02_150011_create_maquinas_table', 20);

-- Volcando estructura para tabla gymadminfull.model_has_permissions
CREATE TABLE IF NOT EXISTS `model_has_permissions` (
  `permission_id` bigint unsigned NOT NULL,
  `model_type` varchar(255) COLLATE utf8mb4_unicode_ci NOT NULL,
  `model_id` bigint unsigned NOT NULL,
  PRIMARY KEY (`permission_id`,`model_id`,`model_type`),
  KEY `model_has_permissions_model_id_model_type_index` (`model_id`,`model_type`),
  CONSTRAINT `model_has_permissions_permission_id_foreign` FOREIGN KEY (`permission_id`) REFERENCES `permissions` (`id`) ON DELETE CASCADE
) ENGINE=InnoDB DEFAULT CHARSET=utf8mb4 COLLATE=utf8mb4_unicode_ci;

-- Volcando datos para la tabla gymadminfull.model_has_permissions: ~0 rows (aproximadamente)
DELETE FROM `model_has_permissions`;

-- Volcando estructura para tabla gymadminfull.model_has_roles
CREATE TABLE IF NOT EXISTS `model_has_roles` (
  `role_id` bigint unsigned NOT NULL,
  `model_type` varchar(255) COLLATE utf8mb4_unicode_ci NOT NULL,
  `model_id` bigint unsigned NOT NULL,
  PRIMARY KEY (`role_id`,`model_id`,`model_type`),
  KEY `model_has_roles_model_id_model_type_index` (`model_id`,`model_type`),
  CONSTRAINT `model_has_roles_role_id_foreign` FOREIGN KEY (`role_id`) REFERENCES `roles` (`id`) ON DELETE CASCADE
) ENGINE=InnoDB DEFAULT CHARSET=utf8mb4 COLLATE=utf8mb4_unicode_ci;

-- Volcando datos para la tabla gymadminfull.model_has_roles: ~7 rows (aproximadamente)
DELETE FROM `model_has_roles`;
INSERT INTO `model_has_roles` (`role_id`, `model_type`, `model_id`) VALUES
	(2, 'App\\Models\\User', 1),
	(2, 'web', 1),
	(3, 'App\\Models\\User', 3),
	(1, 'App\\Models\\User', 4),
	(3, 'App\\Models\\User', 5),
	(2, 'App\\Models\\User', 20),
	(3, 'App\\Models\\User', 21);

-- Volcando estructura para tabla gymadminfull.movimientos
CREATE TABLE IF NOT EXISTS `movimientos` (
  `id` bigint unsigned NOT NULL AUTO_INCREMENT,
  `venta_id` bigint unsigned DEFAULT NULL,
  `pagoss_id` bigint unsigned DEFAULT NULL,
  `formapagos_id` bigint unsigned NOT NULL,
  `importe` decimal(10,2) DEFAULT NULL,
  `gym_id` bigint unsigned NOT NULL,
  `created_at` timestamp NULL DEFAULT NULL,
  `updated_at` timestamp NULL DEFAULT NULL,
  PRIMARY KEY (`id`)
) ENGINE=InnoDB AUTO_INCREMENT=19 DEFAULT CHARSET=utf8mb4 COLLATE=utf8mb4_unicode_ci;

-- Volcando datos para la tabla gymadminfull.movimientos: ~15 rows (aproximadamente)
DELETE FROM `movimientos`;
INSERT INTO `movimientos` (`id`, `venta_id`, `pagoss_id`, `formapagos_id`, `importe`, `gym_id`, `created_at`, `updated_at`) VALUES
	(1, NULL, NULL, 1, 1.00, 1, '2024-05-13 01:27:18', '2024-05-13 01:27:18'),
	(2, 12, NULL, 1, 9800.00, 1, '2024-05-13 01:43:18', '2024-05-13 01:43:18'),
	(3, NULL, 7, 1, 10000.00, 1, '2024-05-14 23:02:20', '2024-05-14 23:02:20'),
	(4, NULL, 7, 2, 35000.00, 1, '2024-05-14 23:02:20', '2024-05-14 23:02:20'),
	(5, 14, NULL, 1, 10000.00, 1, '2024-05-20 01:14:41', '2024-05-20 01:14:41'),
	(6, NULL, 14, 1, 50000.00, 1, '2024-05-24 00:50:33', '2024-05-24 00:50:33'),
	(7, 15, NULL, 1, 10000.00, 1, '2024-05-24 04:03:24', '2024-05-24 04:03:24'),
	(8, NULL, 15, 1, 50000.00, 1, '2024-05-24 15:15:57', '2024-05-24 15:15:57'),
	(9, NULL, 16, 1, 50000.00, 1, '2024-05-24 20:15:20', '2024-05-24 20:15:20'),
	(10, NULL, 17, 1, 50000.00, 1, '2024-05-29 03:36:25', '2024-05-29 03:36:25'),
	(11, NULL, 18, 1, 15000.00, 1, '2024-05-29 05:20:23', '2024-05-29 05:20:23'),
	(12, NULL, 18, 3, 35000.00, 1, '2024-05-29 05:20:23', '2024-05-29 05:20:23'),
	(13, NULL, 19, 1, 15000.00, 1, '2024-05-29 05:21:22', '2024-05-29 05:21:22'),
	(14, NULL, 19, 3, 35000.00, 1, '2024-05-29 05:21:22', '2024-05-29 05:21:22'),
	(15, NULL, 20, 1, 50000.00, 1, '2024-05-29 06:46:37', '2024-05-29 06:46:37'),
	(16, NULL, 21, 1, 40000.00, 1, '2024-05-29 20:07:06', '2024-05-29 20:07:06'),
	(17, NULL, 22, 1, 5000.00, 1, '2024-05-29 21:34:21', '2024-05-29 21:34:21'),
	(18, NULL, 23, 1, 5000.00, 1, '2024-06-02 22:03:32', '2024-06-02 22:03:32');

-- Volcando estructura para tabla gymadminfull.pagos
CREATE TABLE IF NOT EXISTS `pagos` (
  `id` bigint unsigned NOT NULL AUTO_INCREMENT,
  `fecha_inicio` date NOT NULL,
  `actividads_id` bigint unsigned NOT NULL,
  `clientes_id` bigint unsigned NOT NULL,
  `gym_id` bigint unsigned NOT NULL,
  `tarifas_id` bigint unsigned NOT NULL,
  `sesiones` int NOT NULL,
  `importe` int NOT NULL,
  `created_at` timestamp NULL DEFAULT NULL,
  `updated_at` timestamp NULL DEFAULT NULL,
  `facturas_id` int DEFAULT NULL,
  `valido` tinyint(1) DEFAULT '1',
  PRIMARY KEY (`id`)
) ENGINE=InnoDB AUTO_INCREMENT=24 DEFAULT CHARSET=utf8mb4 COLLATE=utf8mb4_unicode_ci;

-- Volcando datos para la tabla gymadminfull.pagos: ~3 rows (aproximadamente)
DELETE FROM `pagos`;
INSERT INTO `pagos` (`id`, `fecha_inicio`, `actividads_id`, `clientes_id`, `gym_id`, `tarifas_id`, `sesiones`, `importe`, `created_at`, `updated_at`, `facturas_id`, `valido`) VALUES
	(16, '2024-05-24', 4, 2, 1, 1, 30, 50000, '2024-05-24 20:15:20', '2024-05-29 19:50:24', 24, NULL),
	(21, '2024-05-29', 1, 2, 1, 3, 5, 40000, '2024-05-29 20:07:06', '2024-05-29 20:07:28', 25, NULL),
	(22, '2024-05-29', 14, 2, 1, 4, 1, 5000, '2024-05-29 21:34:21', '2024-05-29 21:34:21', NULL, NULL),
	(23, '2024-06-02', 14, 2, 1, 4, 1, 5000, '2024-06-02 22:03:32', '2024-06-02 22:04:00', NULL, 0);

-- Volcando estructura para tabla gymadminfull.password_reset_tokens
CREATE TABLE IF NOT EXISTS `password_reset_tokens` (
  `email` varchar(255) COLLATE utf8mb4_unicode_ci NOT NULL,
  `token` varchar(255) COLLATE utf8mb4_unicode_ci NOT NULL,
  `created_at` timestamp NULL DEFAULT NULL,
  PRIMARY KEY (`email`)
) ENGINE=InnoDB DEFAULT CHARSET=utf8mb4 COLLATE=utf8mb4_unicode_ci;

-- Volcando datos para la tabla gymadminfull.password_reset_tokens: ~0 rows (aproximadamente)
DELETE FROM `password_reset_tokens`;

-- Volcando estructura para tabla gymadminfull.permissions
CREATE TABLE IF NOT EXISTS `permissions` (
  `id` bigint unsigned NOT NULL AUTO_INCREMENT,
  `name` varchar(255) COLLATE utf8mb4_unicode_ci NOT NULL,
  `guard_name` varchar(255) COLLATE utf8mb4_unicode_ci NOT NULL,
  `created_at` timestamp NULL DEFAULT NULL,
  `updated_at` timestamp NULL DEFAULT NULL,
  PRIMARY KEY (`id`),
  UNIQUE KEY `permissions_name_guard_name_unique` (`name`,`guard_name`)
) ENGINE=InnoDB AUTO_INCREMENT=973 DEFAULT CHARSET=utf8mb4 COLLATE=utf8mb4_unicode_ci;

-- Volcando datos para la tabla gymadminfull.permissions: ~521 rows (aproximadamente)
DELETE FROM `permissions`;
INSERT INTO `permissions` (`id`, `name`, `guard_name`, `created_at`, `updated_at`) VALUES
	(415, 'view-any User', 'web', '2024-05-17 21:44:59', '2024-05-17 21:44:59'),
	(416, 'view-any User', 'api', '2024-05-17 21:44:59', '2024-05-17 21:44:59'),
	(417, 'view User', 'web', '2024-05-17 21:44:59', '2024-05-17 21:44:59'),
	(418, 'view User', 'api', '2024-05-17 21:44:59', '2024-05-17 21:44:59'),
	(419, 'create User', 'web', '2024-05-17 21:44:59', '2024-05-17 21:44:59'),
	(420, 'create User', 'api', '2024-05-17 21:44:59', '2024-05-17 21:44:59'),
	(421, 'update User', 'web', '2024-05-17 21:44:59', '2024-05-17 21:44:59'),
	(422, 'update User', 'api', '2024-05-17 21:44:59', '2024-05-17 21:44:59'),
	(423, 'delete User', 'web', '2024-05-17 21:44:59', '2024-05-17 21:44:59'),
	(424, 'delete User', 'api', '2024-05-17 21:44:59', '2024-05-17 21:44:59'),
	(425, 'restore User', 'web', '2024-05-17 21:44:59', '2024-05-17 21:44:59'),
	(426, 'restore User', 'api', '2024-05-17 21:44:59', '2024-05-17 21:44:59'),
	(427, 'force-delete User', 'web', '2024-05-17 21:44:59', '2024-05-17 21:44:59'),
	(428, 'force-delete User', 'api', '2024-05-17 21:44:59', '2024-05-17 21:44:59'),
	(429, 'replicate User', 'web', '2024-05-17 21:44:59', '2024-05-17 21:44:59'),
	(430, 'replicate User', 'api', '2024-05-17 21:44:59', '2024-05-17 21:44:59'),
	(431, 'reorder User', 'web', '2024-05-17 21:44:59', '2024-05-17 21:44:59'),
	(432, 'reorder User', 'api', '2024-05-17 21:44:59', '2024-05-17 21:44:59'),
	(433, 'view-any actividad', 'web', '2024-05-17 21:44:59', '2024-05-17 21:44:59'),
	(434, 'view-any actividad', 'api', '2024-05-17 21:44:59', '2024-05-17 21:44:59'),
	(435, 'view actividad', 'web', '2024-05-17 21:44:59', '2024-05-17 21:44:59'),
	(436, 'view actividad', 'api', '2024-05-17 21:44:59', '2024-05-17 21:44:59'),
	(437, 'create actividad', 'web', '2024-05-17 21:44:59', '2024-05-17 21:44:59'),
	(438, 'create actividad', 'api', '2024-05-17 21:44:59', '2024-05-17 21:44:59'),
	(439, 'update actividad', 'web', '2024-05-17 21:44:59', '2024-05-17 21:44:59'),
	(440, 'update actividad', 'api', '2024-05-17 21:44:59', '2024-05-17 21:44:59'),
	(441, 'delete actividad', 'web', '2024-05-17 21:44:59', '2024-05-17 21:44:59'),
	(442, 'delete actividad', 'api', '2024-05-17 21:44:59', '2024-05-17 21:44:59'),
	(443, 'restore actividad', 'web', '2024-05-17 21:44:59', '2024-05-17 21:44:59'),
	(444, 'restore actividad', 'api', '2024-05-17 21:44:59', '2024-05-17 21:44:59'),
	(445, 'force-delete actividad', 'web', '2024-05-17 21:44:59', '2024-05-17 21:44:59'),
	(446, 'force-delete actividad', 'api', '2024-05-17 21:44:59', '2024-05-17 21:44:59'),
	(447, 'replicate actividad', 'web', '2024-05-17 21:44:59', '2024-05-17 21:44:59'),
	(448, 'replicate actividad', 'api', '2024-05-17 21:44:59', '2024-05-17 21:44:59'),
	(449, 'reorder actividad', 'web', '2024-05-17 21:44:59', '2024-05-17 21:44:59'),
	(450, 'reorder actividad', 'api', '2024-05-17 21:44:59', '2024-05-17 21:44:59'),
	(451, 'view-any actividadentrenador', 'web', '2024-05-17 21:44:59', '2024-05-17 21:44:59'),
	(452, 'view-any actividadentrenador', 'api', '2024-05-17 21:44:59', '2024-05-17 21:44:59'),
	(453, 'view actividadentrenador', 'web', '2024-05-17 21:44:59', '2024-05-17 21:44:59'),
	(454, 'view actividadentrenador', 'api', '2024-05-17 21:44:59', '2024-05-17 21:44:59'),
	(455, 'create actividadentrenador', 'web', '2024-05-17 21:44:59', '2024-05-17 21:44:59'),
	(456, 'create actividadentrenador', 'api', '2024-05-17 21:44:59', '2024-05-17 21:44:59'),
	(457, 'update actividadentrenador', 'web', '2024-05-17 21:44:59', '2024-05-17 21:44:59'),
	(458, 'update actividadentrenador', 'api', '2024-05-17 21:44:59', '2024-05-17 21:44:59'),
	(459, 'delete actividadentrenador', 'web', '2024-05-17 21:44:59', '2024-05-17 21:44:59'),
	(460, 'delete actividadentrenador', 'api', '2024-05-17 21:44:59', '2024-05-17 21:44:59'),
	(461, 'restore actividadentrenador', 'web', '2024-05-17 21:44:59', '2024-05-17 21:44:59'),
	(462, 'restore actividadentrenador', 'api', '2024-05-17 21:44:59', '2024-05-17 21:44:59'),
	(463, 'force-delete actividadentrenador', 'web', '2024-05-17 21:44:59', '2024-05-17 21:44:59'),
	(464, 'force-delete actividadentrenador', 'api', '2024-05-17 21:44:59', '2024-05-17 21:44:59'),
	(465, 'replicate actividadentrenador', 'web', '2024-05-17 21:44:59', '2024-05-17 21:44:59'),
	(466, 'replicate actividadentrenador', 'api', '2024-05-17 21:44:59', '2024-05-17 21:44:59'),
	(467, 'reorder actividadentrenador', 'web', '2024-05-17 21:44:59', '2024-05-17 21:44:59'),
	(468, 'reorder actividadentrenador', 'api', '2024-05-17 21:44:59', '2024-05-17 21:44:59'),
	(469, 'view-any categoria', 'web', '2024-05-17 21:44:59', '2024-05-17 21:44:59'),
	(470, 'view-any categoria', 'api', '2024-05-17 21:44:59', '2024-05-17 21:44:59'),
	(471, 'view categoria', 'web', '2024-05-17 21:44:59', '2024-05-17 21:44:59'),
	(472, 'view categoria', 'api', '2024-05-17 21:44:59', '2024-05-17 21:44:59'),
	(473, 'create categoria', 'web', '2024-05-17 21:44:59', '2024-05-17 21:44:59'),
	(474, 'create categoria', 'api', '2024-05-17 21:44:59', '2024-05-17 21:44:59'),
	(475, 'update categoria', 'web', '2024-05-17 21:44:59', '2024-05-17 21:44:59'),
	(476, 'update categoria', 'api', '2024-05-17 21:44:59', '2024-05-17 21:44:59'),
	(477, 'delete categoria', 'web', '2024-05-17 21:44:59', '2024-05-17 21:44:59'),
	(478, 'delete categoria', 'api', '2024-05-17 21:44:59', '2024-05-17 21:44:59'),
	(479, 'restore categoria', 'web', '2024-05-17 21:44:59', '2024-05-17 21:44:59'),
	(480, 'restore categoria', 'api', '2024-05-17 21:44:59', '2024-05-17 21:44:59'),
	(481, 'force-delete categoria', 'web', '2024-05-17 21:44:59', '2024-05-17 21:44:59'),
	(482, 'force-delete categoria', 'api', '2024-05-17 21:44:59', '2024-05-17 21:44:59'),
	(483, 'replicate categoria', 'web', '2024-05-17 21:44:59', '2024-05-17 21:44:59'),
	(484, 'replicate categoria', 'api', '2024-05-17 21:44:59', '2024-05-17 21:44:59'),
	(485, 'reorder categoria', 'web', '2024-05-17 21:44:59', '2024-05-17 21:44:59'),
	(486, 'reorder categoria', 'api', '2024-05-17 21:44:59', '2024-05-17 21:44:59'),
	(487, 'view-any categoriaprod', 'web', '2024-05-17 21:44:59', '2024-05-17 21:44:59'),
	(488, 'view-any categoriaprod', 'api', '2024-05-17 21:44:59', '2024-05-17 21:44:59'),
	(489, 'view categoriaprod', 'web', '2024-05-17 21:44:59', '2024-05-17 21:44:59'),
	(490, 'view categoriaprod', 'api', '2024-05-17 21:44:59', '2024-05-17 21:44:59'),
	(491, 'create categoriaprod', 'web', '2024-05-17 21:44:59', '2024-05-17 21:44:59'),
	(492, 'create categoriaprod', 'api', '2024-05-17 21:44:59', '2024-05-17 21:44:59'),
	(493, 'update categoriaprod', 'web', '2024-05-17 21:44:59', '2024-05-17 21:44:59'),
	(494, 'update categoriaprod', 'api', '2024-05-17 21:44:59', '2024-05-17 21:44:59'),
	(495, 'delete categoriaprod', 'web', '2024-05-17 21:44:59', '2024-05-17 21:44:59'),
	(496, 'delete categoriaprod', 'api', '2024-05-17 21:44:59', '2024-05-17 21:44:59'),
	(497, 'restore categoriaprod', 'web', '2024-05-17 21:44:59', '2024-05-17 21:44:59'),
	(498, 'restore categoriaprod', 'api', '2024-05-17 21:44:59', '2024-05-17 21:44:59'),
	(499, 'force-delete categoriaprod', 'web', '2024-05-17 21:44:59', '2024-05-17 21:44:59'),
	(500, 'force-delete categoriaprod', 'api', '2024-05-17 21:44:59', '2024-05-17 21:44:59'),
	(501, 'replicate categoriaprod', 'web', '2024-05-17 21:44:59', '2024-05-17 21:44:59'),
	(502, 'replicate categoriaprod', 'api', '2024-05-17 21:44:59', '2024-05-17 21:44:59'),
	(503, 'reorder categoriaprod', 'web', '2024-05-17 21:44:59', '2024-05-17 21:44:59'),
	(504, 'reorder categoriaprod', 'api', '2024-05-17 21:44:59', '2024-05-17 21:44:59'),
	(505, 'view-any cliente', 'web', '2024-05-17 21:44:59', '2024-05-17 21:44:59'),
	(506, 'view-any cliente', 'api', '2024-05-17 21:44:59', '2024-05-17 21:44:59'),
	(507, 'view cliente', 'web', '2024-05-17 21:44:59', '2024-05-17 21:44:59'),
	(508, 'view cliente', 'api', '2024-05-17 21:44:59', '2024-05-17 21:44:59'),
	(509, 'create cliente', 'web', '2024-05-17 21:44:59', '2024-05-17 21:44:59'),
	(510, 'create cliente', 'api', '2024-05-17 21:44:59', '2024-05-17 21:44:59'),
	(511, 'update cliente', 'web', '2024-05-17 21:44:59', '2024-05-17 21:44:59'),
	(512, 'update cliente', 'api', '2024-05-17 21:44:59', '2024-05-17 21:44:59'),
	(513, 'delete cliente', 'web', '2024-05-17 21:44:59', '2024-05-17 21:44:59'),
	(514, 'delete cliente', 'api', '2024-05-17 21:44:59', '2024-05-17 21:44:59'),
	(515, 'restore cliente', 'web', '2024-05-17 21:44:59', '2024-05-17 21:44:59'),
	(516, 'restore cliente', 'api', '2024-05-17 21:44:59', '2024-05-17 21:44:59'),
	(517, 'force-delete cliente', 'web', '2024-05-17 21:44:59', '2024-05-17 21:44:59'),
	(518, 'force-delete cliente', 'api', '2024-05-17 21:44:59', '2024-05-17 21:44:59'),
	(519, 'replicate cliente', 'web', '2024-05-17 21:44:59', '2024-05-17 21:44:59'),
	(520, 'replicate cliente', 'api', '2024-05-17 21:44:59', '2024-05-17 21:44:59'),
	(521, 'reorder cliente', 'web', '2024-05-17 21:44:59', '2024-05-17 21:44:59'),
	(522, 'reorder cliente', 'api', '2024-05-17 21:44:59', '2024-05-17 21:44:59'),
	(523, 'view-any ejercicio', 'web', '2024-05-17 21:44:59', '2024-05-17 21:44:59'),
	(524, 'view-any ejercicio', 'api', '2024-05-17 21:44:59', '2024-05-17 21:44:59'),
	(525, 'view ejercicio', 'web', '2024-05-17 21:44:59', '2024-05-17 21:44:59'),
	(526, 'view ejercicio', 'api', '2024-05-17 21:44:59', '2024-05-17 21:44:59'),
	(527, 'create ejercicio', 'web', '2024-05-17 21:44:59', '2024-05-17 21:44:59'),
	(528, 'create ejercicio', 'api', '2024-05-17 21:44:59', '2024-05-17 21:44:59'),
	(529, 'update ejercicio', 'web', '2024-05-17 21:44:59', '2024-05-17 21:44:59'),
	(530, 'update ejercicio', 'api', '2024-05-17 21:44:59', '2024-05-17 21:44:59'),
	(531, 'delete ejercicio', 'web', '2024-05-17 21:44:59', '2024-05-17 21:44:59'),
	(532, 'delete ejercicio', 'api', '2024-05-17 21:44:59', '2024-05-17 21:44:59'),
	(533, 'restore ejercicio', 'web', '2024-05-17 21:44:59', '2024-05-17 21:44:59'),
	(534, 'restore ejercicio', 'api', '2024-05-17 21:44:59', '2024-05-17 21:44:59'),
	(535, 'force-delete ejercicio', 'web', '2024-05-17 21:44:59', '2024-05-17 21:44:59'),
	(536, 'force-delete ejercicio', 'api', '2024-05-17 21:44:59', '2024-05-17 21:44:59'),
	(537, 'replicate ejercicio', 'web', '2024-05-17 21:44:59', '2024-05-17 21:44:59'),
	(538, 'replicate ejercicio', 'api', '2024-05-17 21:44:59', '2024-05-17 21:44:59'),
	(539, 'reorder ejercicio', 'web', '2024-05-17 21:44:59', '2024-05-17 21:44:59'),
	(540, 'reorder ejercicio', 'api', '2024-05-17 21:44:59', '2024-05-17 21:44:59'),
	(541, 'view-any entrenador', 'web', '2024-05-17 21:44:59', '2024-05-17 21:44:59'),
	(542, 'view-any entrenador', 'api', '2024-05-17 21:44:59', '2024-05-17 21:44:59'),
	(543, 'view entrenador', 'web', '2024-05-17 21:44:59', '2024-05-17 21:44:59'),
	(544, 'view entrenador', 'api', '2024-05-17 21:44:59', '2024-05-17 21:44:59'),
	(545, 'create entrenador', 'web', '2024-05-17 21:44:59', '2024-05-17 21:44:59'),
	(546, 'create entrenador', 'api', '2024-05-17 21:44:59', '2024-05-17 21:44:59'),
	(547, 'update entrenador', 'web', '2024-05-17 21:44:59', '2024-05-17 21:44:59'),
	(548, 'update entrenador', 'api', '2024-05-17 21:44:59', '2024-05-17 21:44:59'),
	(549, 'delete entrenador', 'web', '2024-05-17 21:44:59', '2024-05-17 21:44:59'),
	(550, 'delete entrenador', 'api', '2024-05-17 21:44:59', '2024-05-17 21:44:59'),
	(551, 'restore entrenador', 'web', '2024-05-17 21:44:59', '2024-05-17 21:44:59'),
	(552, 'restore entrenador', 'api', '2024-05-17 21:44:59', '2024-05-17 21:44:59'),
	(553, 'force-delete entrenador', 'web', '2024-05-17 21:44:59', '2024-05-17 21:44:59'),
	(554, 'force-delete entrenador', 'api', '2024-05-17 21:44:59', '2024-05-17 21:44:59'),
	(555, 'replicate entrenador', 'web', '2024-05-17 21:44:59', '2024-05-17 21:44:59'),
	(556, 'replicate entrenador', 'api', '2024-05-17 21:44:59', '2024-05-17 21:44:59'),
	(557, 'reorder entrenador', 'web', '2024-05-17 21:44:59', '2024-05-17 21:44:59'),
	(558, 'reorder entrenador', 'api', '2024-05-17 21:44:59', '2024-05-17 21:44:59'),
	(559, 'view-any formapago', 'web', '2024-05-17 21:44:59', '2024-05-17 21:44:59'),
	(560, 'view-any formapago', 'api', '2024-05-17 21:44:59', '2024-05-17 21:44:59'),
	(561, 'view formapago', 'web', '2024-05-17 21:44:59', '2024-05-17 21:44:59'),
	(562, 'view formapago', 'api', '2024-05-17 21:44:59', '2024-05-17 21:44:59'),
	(563, 'create formapago', 'web', '2024-05-17 21:44:59', '2024-05-17 21:44:59'),
	(564, 'create formapago', 'api', '2024-05-17 21:44:59', '2024-05-17 21:44:59'),
	(565, 'update formapago', 'web', '2024-05-17 21:44:59', '2024-05-17 21:44:59'),
	(566, 'update formapago', 'api', '2024-05-17 21:44:59', '2024-05-17 21:44:59'),
	(567, 'delete formapago', 'web', '2024-05-17 21:44:59', '2024-05-17 21:44:59'),
	(568, 'delete formapago', 'api', '2024-05-17 21:44:59', '2024-05-17 21:44:59'),
	(569, 'restore formapago', 'web', '2024-05-17 21:44:59', '2024-05-17 21:44:59'),
	(570, 'restore formapago', 'api', '2024-05-17 21:44:59', '2024-05-17 21:44:59'),
	(571, 'force-delete formapago', 'web', '2024-05-17 21:44:59', '2024-05-17 21:44:59'),
	(572, 'force-delete formapago', 'api', '2024-05-17 21:44:59', '2024-05-17 21:44:59'),
	(573, 'replicate formapago', 'web', '2024-05-17 21:44:59', '2024-05-17 21:44:59'),
	(574, 'replicate formapago', 'api', '2024-05-17 21:44:59', '2024-05-17 21:44:59'),
	(575, 'reorder formapago', 'web', '2024-05-17 21:44:59', '2024-05-17 21:44:59'),
	(576, 'reorder formapago', 'api', '2024-05-17 21:44:59', '2024-05-17 21:44:59'),
	(577, 'view-any gym', 'web', '2024-05-17 21:44:59', '2024-05-17 21:44:59'),
	(578, 'view-any gym', 'api', '2024-05-17 21:44:59', '2024-05-17 21:44:59'),
	(579, 'view gym', 'web', '2024-05-17 21:44:59', '2024-05-17 21:44:59'),
	(580, 'view gym', 'api', '2024-05-17 21:44:59', '2024-05-17 21:44:59'),
	(581, 'create gym', 'web', '2024-05-17 21:44:59', '2024-05-17 21:44:59'),
	(582, 'create gym', 'api', '2024-05-17 21:44:59', '2024-05-17 21:44:59'),
	(583, 'update gym', 'web', '2024-05-17 21:44:59', '2024-05-17 21:44:59'),
	(584, 'update gym', 'api', '2024-05-17 21:44:59', '2024-05-17 21:44:59'),
	(585, 'delete gym', 'web', '2024-05-17 21:44:59', '2024-05-17 21:44:59'),
	(586, 'delete gym', 'api', '2024-05-17 21:44:59', '2024-05-17 21:44:59'),
	(587, 'restore gym', 'web', '2024-05-17 21:44:59', '2024-05-17 21:44:59'),
	(588, 'restore gym', 'api', '2024-05-17 21:44:59', '2024-05-17 21:44:59'),
	(589, 'force-delete gym', 'web', '2024-05-17 21:44:59', '2024-05-17 21:44:59'),
	(590, 'force-delete gym', 'api', '2024-05-17 21:44:59', '2024-05-17 21:44:59'),
	(591, 'replicate gym', 'web', '2024-05-17 21:44:59', '2024-05-17 21:44:59'),
	(592, 'replicate gym', 'api', '2024-05-17 21:44:59', '2024-05-17 21:44:59'),
	(593, 'reorder gym', 'web', '2024-05-17 21:44:59', '2024-05-17 21:44:59'),
	(594, 'reorder gym', 'api', '2024-05-17 21:44:59', '2024-05-17 21:44:59'),
	(595, 'view-any gym_user', 'web', '2024-05-17 21:44:59', '2024-05-17 21:44:59'),
	(596, 'view-any gym_user', 'api', '2024-05-17 21:44:59', '2024-05-17 21:44:59'),
	(597, 'view gym_user', 'web', '2024-05-17 21:44:59', '2024-05-17 21:44:59'),
	(598, 'view gym_user', 'api', '2024-05-17 21:44:59', '2024-05-17 21:44:59'),
	(599, 'create gym_user', 'web', '2024-05-17 21:44:59', '2024-05-17 21:44:59'),
	(600, 'create gym_user', 'api', '2024-05-17 21:44:59', '2024-05-17 21:44:59'),
	(601, 'update gym_user', 'web', '2024-05-17 21:44:59', '2024-05-17 21:44:59'),
	(602, 'update gym_user', 'api', '2024-05-17 21:44:59', '2024-05-17 21:44:59'),
	(603, 'delete gym_user', 'web', '2024-05-17 21:44:59', '2024-05-17 21:44:59'),
	(604, 'delete gym_user', 'api', '2024-05-17 21:44:59', '2024-05-17 21:44:59'),
	(605, 'restore gym_user', 'web', '2024-05-17 21:44:59', '2024-05-17 21:44:59'),
	(606, 'restore gym_user', 'api', '2024-05-17 21:44:59', '2024-05-17 21:44:59'),
	(607, 'force-delete gym_user', 'web', '2024-05-17 21:44:59', '2024-05-17 21:44:59'),
	(608, 'force-delete gym_user', 'api', '2024-05-17 21:44:59', '2024-05-17 21:44:59'),
	(609, 'replicate gym_user', 'web', '2024-05-17 21:44:59', '2024-05-17 21:44:59'),
	(610, 'replicate gym_user', 'api', '2024-05-17 21:44:59', '2024-05-17 21:44:59'),
	(611, 'reorder gym_user', 'web', '2024-05-17 21:44:59', '2024-05-17 21:44:59'),
	(612, 'reorder gym_user', 'api', '2024-05-17 21:44:59', '2024-05-17 21:44:59'),
	(613, 'view-any movimiento', 'web', '2024-05-17 21:44:59', '2024-05-17 21:44:59'),
	(614, 'view-any movimiento', 'api', '2024-05-17 21:44:59', '2024-05-17 21:44:59'),
	(615, 'view movimiento', 'web', '2024-05-17 21:44:59', '2024-05-17 21:44:59'),
	(616, 'view movimiento', 'api', '2024-05-17 21:44:59', '2024-05-17 21:44:59'),
	(617, 'create movimiento', 'web', '2024-05-17 21:44:59', '2024-05-17 21:44:59'),
	(618, 'create movimiento', 'api', '2024-05-17 21:44:59', '2024-05-17 21:44:59'),
	(619, 'update movimiento', 'web', '2024-05-17 21:44:59', '2024-05-17 21:44:59'),
	(620, 'update movimiento', 'api', '2024-05-17 21:44:59', '2024-05-17 21:44:59'),
	(621, 'delete movimiento', 'web', '2024-05-17 21:44:59', '2024-05-17 21:44:59'),
	(622, 'delete movimiento', 'api', '2024-05-17 21:44:59', '2024-05-17 21:44:59'),
	(623, 'restore movimiento', 'web', '2024-05-17 21:44:59', '2024-05-17 21:44:59'),
	(624, 'restore movimiento', 'api', '2024-05-17 21:45:00', '2024-05-17 21:45:00'),
	(625, 'force-delete movimiento', 'web', '2024-05-17 21:45:00', '2024-05-17 21:45:00'),
	(626, 'force-delete movimiento', 'api', '2024-05-17 21:45:00', '2024-05-17 21:45:00'),
	(627, 'replicate movimiento', 'web', '2024-05-17 21:45:00', '2024-05-17 21:45:00'),
	(628, 'replicate movimiento', 'api', '2024-05-17 21:45:00', '2024-05-17 21:45:00'),
	(629, 'reorder movimiento', 'web', '2024-05-17 21:45:00', '2024-05-17 21:45:00'),
	(630, 'reorder movimiento', 'api', '2024-05-17 21:45:00', '2024-05-17 21:45:00'),
	(631, 'view-any pagos', 'web', '2024-05-17 21:45:00', '2024-05-17 21:45:00'),
	(632, 'view-any pagos', 'api', '2024-05-17 21:45:00', '2024-05-17 21:45:00'),
	(633, 'view pagos', 'web', '2024-05-17 21:45:00', '2024-05-17 21:45:00'),
	(634, 'view pagos', 'api', '2024-05-17 21:45:00', '2024-05-17 21:45:00'),
	(635, 'create pagos', 'web', '2024-05-17 21:45:00', '2024-05-17 21:45:00'),
	(636, 'create pagos', 'api', '2024-05-17 21:45:00', '2024-05-17 21:45:00'),
	(637, 'update pagos', 'web', '2024-05-17 21:45:00', '2024-05-17 21:45:00'),
	(638, 'update pagos', 'api', '2024-05-17 21:45:00', '2024-05-17 21:45:00'),
	(639, 'delete pagos', 'web', '2024-05-17 21:45:00', '2024-05-17 21:45:00'),
	(640, 'delete pagos', 'api', '2024-05-17 21:45:00', '2024-05-17 21:45:00'),
	(641, 'restore pagos', 'web', '2024-05-17 21:45:00', '2024-05-17 21:45:00'),
	(642, 'restore pagos', 'api', '2024-05-17 21:45:00', '2024-05-17 21:45:00'),
	(643, 'force-delete pagos', 'web', '2024-05-17 21:45:00', '2024-05-17 21:45:00'),
	(644, 'force-delete pagos', 'api', '2024-05-17 21:45:00', '2024-05-17 21:45:00'),
	(645, 'replicate pagos', 'web', '2024-05-17 21:45:00', '2024-05-17 21:45:00'),
	(646, 'replicate pagos', 'api', '2024-05-17 21:45:00', '2024-05-17 21:45:00'),
	(647, 'reorder pagos', 'web', '2024-05-17 21:45:00', '2024-05-17 21:45:00'),
	(648, 'reorder pagos', 'api', '2024-05-17 21:45:00', '2024-05-17 21:45:00'),
	(649, 'view-any producto', 'web', '2024-05-17 21:45:00', '2024-05-17 21:45:00'),
	(650, 'view-any producto', 'api', '2024-05-17 21:45:00', '2024-05-17 21:45:00'),
	(651, 'view producto', 'web', '2024-05-17 21:45:00', '2024-05-17 21:45:00'),
	(652, 'view producto', 'api', '2024-05-17 21:45:00', '2024-05-17 21:45:00'),
	(653, 'create producto', 'web', '2024-05-17 21:45:00', '2024-05-17 21:45:00'),
	(654, 'create producto', 'api', '2024-05-17 21:45:00', '2024-05-17 21:45:00'),
	(655, 'update producto', 'web', '2024-05-17 21:45:00', '2024-05-17 21:45:00'),
	(656, 'update producto', 'api', '2024-05-17 21:45:00', '2024-05-17 21:45:00'),
	(657, 'delete producto', 'web', '2024-05-17 21:45:00', '2024-05-17 21:45:00'),
	(658, 'delete producto', 'api', '2024-05-17 21:45:00', '2024-05-17 21:45:00'),
	(659, 'restore producto', 'web', '2024-05-17 21:45:00', '2024-05-17 21:45:00'),
	(660, 'restore producto', 'api', '2024-05-17 21:45:00', '2024-05-17 21:45:00'),
	(661, 'force-delete producto', 'web', '2024-05-17 21:45:00', '2024-05-17 21:45:00'),
	(662, 'force-delete producto', 'api', '2024-05-17 21:45:00', '2024-05-17 21:45:00'),
	(663, 'replicate producto', 'web', '2024-05-17 21:45:00', '2024-05-17 21:45:00'),
	(664, 'replicate producto', 'api', '2024-05-17 21:45:00', '2024-05-17 21:45:00'),
	(665, 'reorder producto', 'web', '2024-05-17 21:45:00', '2024-05-17 21:45:00'),
	(666, 'reorder producto', 'api', '2024-05-17 21:45:00', '2024-05-17 21:45:00'),
	(667, 'view-any rutina', 'web', '2024-05-17 21:45:00', '2024-05-17 21:45:00'),
	(668, 'view-any rutina', 'api', '2024-05-17 21:45:00', '2024-05-17 21:45:00'),
	(669, 'view rutina', 'web', '2024-05-17 21:45:00', '2024-05-17 21:45:00'),
	(670, 'view rutina', 'api', '2024-05-17 21:45:00', '2024-05-17 21:45:00'),
	(671, 'create rutina', 'web', '2024-05-17 21:45:00', '2024-05-17 21:45:00'),
	(672, 'create rutina', 'api', '2024-05-17 21:45:00', '2024-05-17 21:45:00'),
	(673, 'update rutina', 'web', '2024-05-17 21:45:00', '2024-05-17 21:45:00'),
	(674, 'update rutina', 'api', '2024-05-17 21:45:00', '2024-05-17 21:45:00'),
	(675, 'delete rutina', 'web', '2024-05-17 21:45:00', '2024-05-17 21:45:00'),
	(676, 'delete rutina', 'api', '2024-05-17 21:45:00', '2024-05-17 21:45:00'),
	(677, 'restore rutina', 'web', '2024-05-17 21:45:00', '2024-05-17 21:45:00'),
	(678, 'restore rutina', 'api', '2024-05-17 21:45:00', '2024-05-17 21:45:00'),
	(679, 'force-delete rutina', 'web', '2024-05-17 21:45:00', '2024-05-17 21:45:00'),
	(680, 'force-delete rutina', 'api', '2024-05-17 21:45:00', '2024-05-17 21:45:00'),
	(681, 'replicate rutina', 'web', '2024-05-17 21:45:00', '2024-05-17 21:45:00'),
	(682, 'replicate rutina', 'api', '2024-05-17 21:45:00', '2024-05-17 21:45:00'),
	(683, 'reorder rutina', 'web', '2024-05-17 21:45:00', '2024-05-17 21:45:00'),
	(684, 'reorder rutina', 'api', '2024-05-17 21:45:00', '2024-05-17 21:45:00'),
	(685, 'view-any rutinadet', 'web', '2024-05-17 21:45:00', '2024-05-17 21:45:00'),
	(686, 'view-any rutinadet', 'api', '2024-05-17 21:45:00', '2024-05-17 21:45:00'),
	(687, 'view rutinadet', 'web', '2024-05-17 21:45:00', '2024-05-17 21:45:00'),
	(688, 'view rutinadet', 'api', '2024-05-17 21:45:00', '2024-05-17 21:45:00'),
	(689, 'create rutinadet', 'web', '2024-05-17 21:45:00', '2024-05-17 21:45:00'),
	(690, 'create rutinadet', 'api', '2024-05-17 21:45:00', '2024-05-17 21:45:00'),
	(691, 'update rutinadet', 'web', '2024-05-17 21:45:00', '2024-05-17 21:45:00'),
	(692, 'update rutinadet', 'api', '2024-05-17 21:45:00', '2024-05-17 21:45:00'),
	(693, 'delete rutinadet', 'web', '2024-05-17 21:45:00', '2024-05-17 21:45:00'),
	(694, 'delete rutinadet', 'api', '2024-05-17 21:45:00', '2024-05-17 21:45:00'),
	(695, 'restore rutinadet', 'web', '2024-05-17 21:45:00', '2024-05-17 21:45:00'),
	(696, 'restore rutinadet', 'api', '2024-05-17 21:45:00', '2024-05-17 21:45:00'),
	(697, 'force-delete rutinadet', 'web', '2024-05-17 21:45:00', '2024-05-17 21:45:00'),
	(698, 'force-delete rutinadet', 'api', '2024-05-17 21:45:00', '2024-05-17 21:45:00'),
	(699, 'replicate rutinadet', 'web', '2024-05-17 21:45:00', '2024-05-17 21:45:00'),
	(700, 'replicate rutinadet', 'api', '2024-05-17 21:45:00', '2024-05-17 21:45:00'),
	(701, 'reorder rutinadet', 'web', '2024-05-17 21:45:00', '2024-05-17 21:45:00'),
	(702, 'reorder rutinadet', 'api', '2024-05-17 21:45:00', '2024-05-17 21:45:00'),
	(703, 'view-any slider', 'web', '2024-05-17 21:45:00', '2024-05-17 21:45:00'),
	(704, 'view-any slider', 'api', '2024-05-17 21:45:00', '2024-05-17 21:45:00'),
	(705, 'view slider', 'web', '2024-05-17 21:45:00', '2024-05-17 21:45:00'),
	(706, 'view slider', 'api', '2024-05-17 21:45:00', '2024-05-17 21:45:00'),
	(707, 'create slider', 'web', '2024-05-17 21:45:00', '2024-05-17 21:45:00'),
	(708, 'create slider', 'api', '2024-05-17 21:45:00', '2024-05-17 21:45:00'),
	(709, 'update slider', 'web', '2024-05-17 21:45:00', '2024-05-17 21:45:00'),
	(710, 'update slider', 'api', '2024-05-17 21:45:00', '2024-05-17 21:45:00'),
	(711, 'delete slider', 'web', '2024-05-17 21:45:00', '2024-05-17 21:45:00'),
	(712, 'delete slider', 'api', '2024-05-17 21:45:00', '2024-05-17 21:45:00'),
	(713, 'restore slider', 'web', '2024-05-17 21:45:00', '2024-05-17 21:45:00'),
	(714, 'restore slider', 'api', '2024-05-17 21:45:00', '2024-05-17 21:45:00'),
	(715, 'force-delete slider', 'web', '2024-05-17 21:45:00', '2024-05-17 21:45:00'),
	(716, 'force-delete slider', 'api', '2024-05-17 21:45:00', '2024-05-17 21:45:00'),
	(717, 'replicate slider', 'web', '2024-05-17 21:45:00', '2024-05-17 21:45:00'),
	(718, 'replicate slider', 'api', '2024-05-17 21:45:00', '2024-05-17 21:45:00'),
	(719, 'reorder slider', 'web', '2024-05-17 21:45:00', '2024-05-17 21:45:00'),
	(720, 'reorder slider', 'api', '2024-05-17 21:45:00', '2024-05-17 21:45:00'),
	(721, 'view-any suscripcion', 'web', '2024-05-17 21:45:00', '2024-05-17 21:45:00'),
	(722, 'view-any suscripcion', 'api', '2024-05-17 21:45:00', '2024-05-17 21:45:00'),
	(723, 'view suscripcion', 'web', '2024-05-17 21:45:00', '2024-05-17 21:45:00'),
	(724, 'view suscripcion', 'api', '2024-05-17 21:45:00', '2024-05-17 21:45:00'),
	(725, 'create suscripcion', 'web', '2024-05-17 21:45:00', '2024-05-17 21:45:00'),
	(726, 'create suscripcion', 'api', '2024-05-17 21:45:00', '2024-05-17 21:45:00'),
	(727, 'update suscripcion', 'web', '2024-05-17 21:45:00', '2024-05-17 21:45:00'),
	(728, 'update suscripcion', 'api', '2024-05-17 21:45:00', '2024-05-17 21:45:00'),
	(729, 'delete suscripcion', 'web', '2024-05-17 21:45:00', '2024-05-17 21:45:00'),
	(730, 'delete suscripcion', 'api', '2024-05-17 21:45:00', '2024-05-17 21:45:00'),
	(731, 'restore suscripcion', 'web', '2024-05-17 21:45:00', '2024-05-17 21:45:00'),
	(732, 'restore suscripcion', 'api', '2024-05-17 21:45:00', '2024-05-17 21:45:00'),
	(733, 'force-delete suscripcion', 'web', '2024-05-17 21:45:00', '2024-05-17 21:45:00'),
	(734, 'force-delete suscripcion', 'api', '2024-05-17 21:45:00', '2024-05-17 21:45:00'),
	(735, 'replicate suscripcion', 'web', '2024-05-17 21:45:00', '2024-05-17 21:45:00'),
	(736, 'replicate suscripcion', 'api', '2024-05-17 21:45:00', '2024-05-17 21:45:00'),
	(737, 'reorder suscripcion', 'web', '2024-05-17 21:45:00', '2024-05-17 21:45:00'),
	(738, 'reorder suscripcion', 'api', '2024-05-17 21:45:00', '2024-05-17 21:45:00'),
	(739, 'view-any tarifa', 'web', '2024-05-17 21:45:00', '2024-05-17 21:45:00'),
	(740, 'view-any tarifa', 'api', '2024-05-17 21:45:00', '2024-05-17 21:45:00'),
	(741, 'view tarifa', 'web', '2024-05-17 21:45:00', '2024-05-17 21:45:00'),
	(742, 'view tarifa', 'api', '2024-05-17 21:45:00', '2024-05-17 21:45:00'),
	(743, 'create tarifa', 'web', '2024-05-17 21:45:00', '2024-05-17 21:45:00'),
	(744, 'create tarifa', 'api', '2024-05-17 21:45:00', '2024-05-17 21:45:00'),
	(745, 'update tarifa', 'web', '2024-05-17 21:45:00', '2024-05-17 21:45:00'),
	(746, 'update tarifa', 'api', '2024-05-17 21:45:00', '2024-05-17 21:45:00'),
	(747, 'delete tarifa', 'web', '2024-05-17 21:45:00', '2024-05-17 21:45:00'),
	(748, 'delete tarifa', 'api', '2024-05-17 21:45:00', '2024-05-17 21:45:00'),
	(749, 'restore tarifa', 'web', '2024-05-17 21:45:00', '2024-05-17 21:45:00'),
	(750, 'restore tarifa', 'api', '2024-05-17 21:45:00', '2024-05-17 21:45:00'),
	(751, 'force-delete tarifa', 'web', '2024-05-17 21:45:00', '2024-05-17 21:45:00'),
	(752, 'force-delete tarifa', 'api', '2024-05-17 21:45:00', '2024-05-17 21:45:00'),
	(753, 'replicate tarifa', 'web', '2024-05-17 21:45:00', '2024-05-17 21:45:00'),
	(754, 'replicate tarifa', 'api', '2024-05-17 21:45:00', '2024-05-17 21:45:00'),
	(755, 'reorder tarifa', 'web', '2024-05-17 21:45:00', '2024-05-17 21:45:00'),
	(756, 'reorder tarifa', 'api', '2024-05-17 21:45:00', '2024-05-17 21:45:00'),
	(757, 'view-any tipoejercicio', 'web', '2024-05-17 21:45:00', '2024-05-17 21:45:00'),
	(758, 'view-any tipoejercicio', 'api', '2024-05-17 21:45:00', '2024-05-17 21:45:00'),
	(759, 'view tipoejercicio', 'web', '2024-05-17 21:45:00', '2024-05-17 21:45:00'),
	(760, 'view tipoejercicio', 'api', '2024-05-17 21:45:00', '2024-05-17 21:45:00'),
	(761, 'create tipoejercicio', 'web', '2024-05-17 21:45:00', '2024-05-17 21:45:00'),
	(762, 'create tipoejercicio', 'api', '2024-05-17 21:45:00', '2024-05-17 21:45:00'),
	(763, 'update tipoejercicio', 'web', '2024-05-17 21:45:00', '2024-05-17 21:45:00'),
	(764, 'update tipoejercicio', 'api', '2024-05-17 21:45:00', '2024-05-17 21:45:00'),
	(765, 'delete tipoejercicio', 'web', '2024-05-17 21:45:00', '2024-05-17 21:45:00'),
	(766, 'delete tipoejercicio', 'api', '2024-05-17 21:45:00', '2024-05-17 21:45:00'),
	(767, 'restore tipoejercicio', 'web', '2024-05-17 21:45:00', '2024-05-17 21:45:00'),
	(768, 'restore tipoejercicio', 'api', '2024-05-17 21:45:00', '2024-05-17 21:45:00'),
	(769, 'force-delete tipoejercicio', 'web', '2024-05-17 21:45:00', '2024-05-17 21:45:00'),
	(770, 'force-delete tipoejercicio', 'api', '2024-05-17 21:45:00', '2024-05-17 21:45:00'),
	(771, 'replicate tipoejercicio', 'web', '2024-05-17 21:45:00', '2024-05-17 21:45:00'),
	(772, 'replicate tipoejercicio', 'api', '2024-05-17 21:45:00', '2024-05-17 21:45:00'),
	(773, 'reorder tipoejercicio', 'web', '2024-05-17 21:45:00', '2024-05-17 21:45:00'),
	(774, 'reorder tipoejercicio', 'api', '2024-05-17 21:45:00', '2024-05-17 21:45:00'),
	(775, 'view-any venta', 'web', '2024-05-17 21:45:00', '2024-05-17 21:45:00'),
	(776, 'view-any venta', 'api', '2024-05-17 21:45:00', '2024-05-17 21:45:00'),
	(777, 'view venta', 'web', '2024-05-17 21:45:00', '2024-05-17 21:45:00'),
	(778, 'view venta', 'api', '2024-05-17 21:45:00', '2024-05-17 21:45:00'),
	(779, 'create venta', 'web', '2024-05-17 21:45:00', '2024-05-17 21:45:00'),
	(780, 'create venta', 'api', '2024-05-17 21:45:00', '2024-05-17 21:45:00'),
	(781, 'update venta', 'web', '2024-05-17 21:45:00', '2024-05-17 21:45:00'),
	(782, 'update venta', 'api', '2024-05-17 21:45:00', '2024-05-17 21:45:00'),
	(783, 'delete venta', 'web', '2024-05-17 21:45:00', '2024-05-17 21:45:00'),
	(784, 'delete venta', 'api', '2024-05-17 21:45:00', '2024-05-17 21:45:00'),
	(785, 'restore venta', 'web', '2024-05-17 21:45:00', '2024-05-17 21:45:00'),
	(786, 'restore venta', 'api', '2024-05-17 21:45:00', '2024-05-17 21:45:00'),
	(787, 'force-delete venta', 'web', '2024-05-17 21:45:00', '2024-05-17 21:45:00'),
	(788, 'force-delete venta', 'api', '2024-05-17 21:45:00', '2024-05-17 21:45:00'),
	(789, 'replicate venta', 'web', '2024-05-17 21:45:00', '2024-05-17 21:45:00'),
	(790, 'replicate venta', 'api', '2024-05-17 21:45:00', '2024-05-17 21:45:00'),
	(791, 'reorder venta', 'web', '2024-05-17 21:45:00', '2024-05-17 21:45:00'),
	(792, 'reorder venta', 'api', '2024-05-17 21:45:00', '2024-05-17 21:45:00'),
	(793, 'view-any ventadet', 'web', '2024-05-17 21:45:00', '2024-05-17 21:45:00'),
	(794, 'view-any ventadet', 'api', '2024-05-17 21:45:00', '2024-05-17 21:45:00'),
	(795, 'view ventadet', 'web', '2024-05-17 21:45:00', '2024-05-17 21:45:00'),
	(796, 'view ventadet', 'api', '2024-05-17 21:45:00', '2024-05-17 21:45:00'),
	(797, 'create ventadet', 'web', '2024-05-17 21:45:00', '2024-05-17 21:45:00'),
	(798, 'create ventadet', 'api', '2024-05-17 21:45:00', '2024-05-17 21:45:00'),
	(799, 'update ventadet', 'web', '2024-05-17 21:45:00', '2024-05-17 21:45:00'),
	(800, 'update ventadet', 'api', '2024-05-17 21:45:00', '2024-05-17 21:45:00'),
	(801, 'delete ventadet', 'web', '2024-05-17 21:45:00', '2024-05-17 21:45:00'),
	(802, 'delete ventadet', 'api', '2024-05-17 21:45:00', '2024-05-17 21:45:00'),
	(803, 'restore ventadet', 'web', '2024-05-17 21:45:00', '2024-05-17 21:45:00'),
	(804, 'restore ventadet', 'api', '2024-05-17 21:45:00', '2024-05-17 21:45:00'),
	(805, 'force-delete ventadet', 'web', '2024-05-17 21:45:00', '2024-05-17 21:45:00'),
	(806, 'force-delete ventadet', 'api', '2024-05-17 21:45:00', '2024-05-17 21:45:00'),
	(807, 'replicate ventadet', 'web', '2024-05-17 21:45:00', '2024-05-17 21:45:00'),
	(808, 'replicate ventadet', 'api', '2024-05-17 21:45:00', '2024-05-17 21:45:00'),
	(809, 'reorder ventadet', 'web', '2024-05-17 21:45:00', '2024-05-17 21:45:00'),
	(810, 'reorder ventadet', 'api', '2024-05-17 21:45:00', '2024-05-17 21:45:00'),
	(811, 'view-any visita', 'web', '2024-05-17 21:45:00', '2024-05-17 21:45:00'),
	(812, 'view-any visita', 'api', '2024-05-17 21:45:00', '2024-05-17 21:45:00'),
	(813, 'view visita', 'web', '2024-05-17 21:45:00', '2024-05-17 21:45:00'),
	(814, 'view visita', 'api', '2024-05-17 21:45:00', '2024-05-17 21:45:00'),
	(815, 'create visita', 'web', '2024-05-17 21:45:00', '2024-05-17 21:45:00'),
	(816, 'create visita', 'api', '2024-05-17 21:45:00', '2024-05-17 21:45:00'),
	(817, 'update visita', 'web', '2024-05-17 21:45:00', '2024-05-17 21:45:00'),
	(818, 'update visita', 'api', '2024-05-17 21:45:00', '2024-05-17 21:45:00'),
	(819, 'delete visita', 'web', '2024-05-17 21:45:00', '2024-05-17 21:45:00'),
	(820, 'delete visita', 'api', '2024-05-17 21:45:00', '2024-05-17 21:45:00'),
	(821, 'restore visita', 'web', '2024-05-17 21:45:00', '2024-05-17 21:45:00'),
	(822, 'restore visita', 'api', '2024-05-17 21:45:00', '2024-05-17 21:45:00'),
	(823, 'force-delete visita', 'web', '2024-05-17 21:45:00', '2024-05-17 21:45:00'),
	(824, 'force-delete visita', 'api', '2024-05-17 21:45:00', '2024-05-17 21:45:00'),
	(825, 'replicate visita', 'web', '2024-05-17 21:45:00', '2024-05-17 21:45:00'),
	(826, 'replicate visita', 'api', '2024-05-17 21:45:00', '2024-05-17 21:45:00'),
	(827, 'reorder visita', 'web', '2024-05-17 21:45:00', '2024-05-17 21:45:00'),
	(828, 'reorder visita', 'api', '2024-05-17 21:45:00', '2024-05-17 21:45:00'),
	(829, 'view-any comida', 'web', '2024-05-20 04:21:02', '2024-05-20 04:21:02'),
	(830, 'view-any comida', 'api', '2024-05-20 04:21:02', '2024-05-20 04:21:02'),
	(831, 'view comida', 'web', '2024-05-20 04:21:02', '2024-05-20 04:21:02'),
	(832, 'view comida', 'api', '2024-05-20 04:21:02', '2024-05-20 04:21:02'),
	(833, 'create comida', 'web', '2024-05-20 04:21:02', '2024-05-20 04:21:02'),
	(834, 'create comida', 'api', '2024-05-20 04:21:02', '2024-05-20 04:21:02'),
	(835, 'update comida', 'web', '2024-05-20 04:21:02', '2024-05-20 04:21:02'),
	(836, 'update comida', 'api', '2024-05-20 04:21:02', '2024-05-20 04:21:02'),
	(837, 'delete comida', 'web', '2024-05-20 04:21:02', '2024-05-20 04:21:02'),
	(838, 'delete comida', 'api', '2024-05-20 04:21:02', '2024-05-20 04:21:02'),
	(839, 'restore comida', 'web', '2024-05-20 04:21:02', '2024-05-20 04:21:02'),
	(840, 'restore comida', 'api', '2024-05-20 04:21:02', '2024-05-20 04:21:02'),
	(841, 'force-delete comida', 'web', '2024-05-20 04:21:02', '2024-05-20 04:21:02'),
	(842, 'force-delete comida', 'api', '2024-05-20 04:21:02', '2024-05-20 04:21:02'),
	(843, 'replicate comida', 'web', '2024-05-20 04:21:02', '2024-05-20 04:21:02'),
	(844, 'replicate comida', 'api', '2024-05-20 04:21:02', '2024-05-20 04:21:02'),
	(845, 'reorder comida', 'web', '2024-05-20 04:21:02', '2024-05-20 04:21:02'),
	(846, 'reorder comida', 'api', '2024-05-20 04:21:02', '2024-05-20 04:21:02'),
	(847, 'view-any dieta', 'web', '2024-05-20 04:21:02', '2024-05-20 04:21:02'),
	(848, 'view-any dieta', 'api', '2024-05-20 04:21:02', '2024-05-20 04:21:02'),
	(849, 'view dieta', 'web', '2024-05-20 04:21:02', '2024-05-20 04:21:02'),
	(850, 'view dieta', 'api', '2024-05-20 04:21:02', '2024-05-20 04:21:02'),
	(851, 'create dieta', 'web', '2024-05-20 04:21:02', '2024-05-20 04:21:02'),
	(852, 'create dieta', 'api', '2024-05-20 04:21:02', '2024-05-20 04:21:02'),
	(853, 'update dieta', 'web', '2024-05-20 04:21:02', '2024-05-20 04:21:02'),
	(854, 'update dieta', 'api', '2024-05-20 04:21:02', '2024-05-20 04:21:02'),
	(855, 'delete dieta', 'web', '2024-05-20 04:21:02', '2024-05-20 04:21:02'),
	(856, 'delete dieta', 'api', '2024-05-20 04:21:02', '2024-05-20 04:21:02'),
	(857, 'restore dieta', 'web', '2024-05-20 04:21:02', '2024-05-20 04:21:02'),
	(858, 'restore dieta', 'api', '2024-05-20 04:21:02', '2024-05-20 04:21:02'),
	(859, 'force-delete dieta', 'web', '2024-05-20 04:21:02', '2024-05-20 04:21:02'),
	(860, 'force-delete dieta', 'api', '2024-05-20 04:21:02', '2024-05-20 04:21:02'),
	(861, 'replicate dieta', 'web', '2024-05-20 04:21:02', '2024-05-20 04:21:02'),
	(862, 'replicate dieta', 'api', '2024-05-20 04:21:02', '2024-05-20 04:21:02'),
	(863, 'reorder dieta', 'web', '2024-05-20 04:21:02', '2024-05-20 04:21:02'),
	(864, 'reorder dieta', 'api', '2024-05-20 04:21:02', '2024-05-20 04:21:02'),
	(865, 'view-any dietadet', 'web', '2024-05-20 04:21:02', '2024-05-20 04:21:02'),
	(866, 'view-any dietadet', 'api', '2024-05-20 04:21:02', '2024-05-20 04:21:02'),
	(867, 'view dietadet', 'web', '2024-05-20 04:21:02', '2024-05-20 04:21:02'),
	(868, 'view dietadet', 'api', '2024-05-20 04:21:02', '2024-05-20 04:21:02'),
	(869, 'create dietadet', 'web', '2024-05-20 04:21:02', '2024-05-20 04:21:02'),
	(870, 'create dietadet', 'api', '2024-05-20 04:21:02', '2024-05-20 04:21:02'),
	(871, 'update dietadet', 'web', '2024-05-20 04:21:02', '2024-05-20 04:21:02'),
	(872, 'update dietadet', 'api', '2024-05-20 04:21:02', '2024-05-20 04:21:02'),
	(873, 'delete dietadet', 'web', '2024-05-20 04:21:02', '2024-05-20 04:21:02'),
	(874, 'delete dietadet', 'api', '2024-05-20 04:21:02', '2024-05-20 04:21:02'),
	(875, 'restore dietadet', 'web', '2024-05-20 04:21:02', '2024-05-20 04:21:02'),
	(876, 'restore dietadet', 'api', '2024-05-20 04:21:02', '2024-05-20 04:21:02'),
	(877, 'force-delete dietadet', 'web', '2024-05-20 04:21:02', '2024-05-20 04:21:02'),
	(878, 'force-delete dietadet', 'api', '2024-05-20 04:21:02', '2024-05-20 04:21:02'),
	(879, 'replicate dietadet', 'web', '2024-05-20 04:21:02', '2024-05-20 04:21:02'),
	(880, 'replicate dietadet', 'api', '2024-05-20 04:21:02', '2024-05-20 04:21:02'),
	(881, 'reorder dietadet', 'web', '2024-05-20 04:21:02', '2024-05-20 04:21:02'),
	(882, 'reorder dietadet', 'api', '2024-05-20 04:21:02', '2024-05-20 04:21:02'),
	(883, 'view-any datosfactura', 'web', '2024-06-03 00:00:53', '2024-06-03 00:00:53'),
	(884, 'view-any datosfactura', 'api', '2024-06-03 00:00:53', '2024-06-03 00:00:53'),
	(885, 'view datosfactura', 'web', '2024-06-03 00:00:53', '2024-06-03 00:00:53'),
	(886, 'view datosfactura', 'api', '2024-06-03 00:00:53', '2024-06-03 00:00:53'),
	(887, 'create datosfactura', 'web', '2024-06-03 00:00:53', '2024-06-03 00:00:53'),
	(888, 'create datosfactura', 'api', '2024-06-03 00:00:54', '2024-06-03 00:00:54'),
	(889, 'update datosfactura', 'web', '2024-06-03 00:00:54', '2024-06-03 00:00:54'),
	(890, 'update datosfactura', 'api', '2024-06-03 00:00:54', '2024-06-03 00:00:54'),
	(891, 'delete datosfactura', 'web', '2024-06-03 00:00:54', '2024-06-03 00:00:54'),
	(892, 'delete datosfactura', 'api', '2024-06-03 00:00:54', '2024-06-03 00:00:54'),
	(893, 'restore datosfactura', 'web', '2024-06-03 00:00:54', '2024-06-03 00:00:54'),
	(894, 'restore datosfactura', 'api', '2024-06-03 00:00:54', '2024-06-03 00:00:54'),
	(895, 'force-delete datosfactura', 'web', '2024-06-03 00:00:54', '2024-06-03 00:00:54'),
	(896, 'force-delete datosfactura', 'api', '2024-06-03 00:00:54', '2024-06-03 00:00:54'),
	(897, 'replicate datosfactura', 'web', '2024-06-03 00:00:54', '2024-06-03 00:00:54'),
	(898, 'replicate datosfactura', 'api', '2024-06-03 00:00:54', '2024-06-03 00:00:54'),
	(899, 'reorder datosfactura', 'web', '2024-06-03 00:00:54', '2024-06-03 00:00:54'),
	(900, 'reorder datosfactura', 'api', '2024-06-03 00:00:54', '2024-06-03 00:00:54'),
	(901, 'view-any factura', 'web', '2024-06-03 00:00:54', '2024-06-03 00:00:54'),
	(902, 'view-any factura', 'api', '2024-06-03 00:00:54', '2024-06-03 00:00:54'),
	(903, 'view factura', 'web', '2024-06-03 00:00:54', '2024-06-03 00:00:54'),
	(904, 'view factura', 'api', '2024-06-03 00:00:54', '2024-06-03 00:00:54'),
	(905, 'create factura', 'web', '2024-06-03 00:00:54', '2024-06-03 00:00:54'),
	(906, 'create factura', 'api', '2024-06-03 00:00:54', '2024-06-03 00:00:54'),
	(907, 'update factura', 'web', '2024-06-03 00:00:54', '2024-06-03 00:00:54'),
	(908, 'update factura', 'api', '2024-06-03 00:00:54', '2024-06-03 00:00:54'),
	(909, 'delete factura', 'web', '2024-06-03 00:00:54', '2024-06-03 00:00:54'),
	(910, 'delete factura', 'api', '2024-06-03 00:00:54', '2024-06-03 00:00:54'),
	(911, 'restore factura', 'web', '2024-06-03 00:00:54', '2024-06-03 00:00:54'),
	(912, 'restore factura', 'api', '2024-06-03 00:00:54', '2024-06-03 00:00:54'),
	(913, 'force-delete factura', 'web', '2024-06-03 00:00:54', '2024-06-03 00:00:54'),
	(914, 'force-delete factura', 'api', '2024-06-03 00:00:54', '2024-06-03 00:00:54'),
	(915, 'replicate factura', 'web', '2024-06-03 00:00:54', '2024-06-03 00:00:54'),
	(916, 'replicate factura', 'api', '2024-06-03 00:00:54', '2024-06-03 00:00:54'),
	(917, 'reorder factura', 'web', '2024-06-03 00:00:54', '2024-06-03 00:00:54'),
	(918, 'reorder factura', 'api', '2024-06-03 00:00:54', '2024-06-03 00:00:54'),
	(919, 'view-any facturadet', 'web', '2024-06-03 00:00:54', '2024-06-03 00:00:54'),
	(920, 'view-any facturadet', 'api', '2024-06-03 00:00:54', '2024-06-03 00:00:54'),
	(921, 'view facturadet', 'web', '2024-06-03 00:00:54', '2024-06-03 00:00:54'),
	(922, 'view facturadet', 'api', '2024-06-03 00:00:54', '2024-06-03 00:00:54'),
	(923, 'create facturadet', 'web', '2024-06-03 00:00:54', '2024-06-03 00:00:54'),
	(924, 'create facturadet', 'api', '2024-06-03 00:00:54', '2024-06-03 00:00:54'),
	(925, 'update facturadet', 'web', '2024-06-03 00:00:54', '2024-06-03 00:00:54'),
	(926, 'update facturadet', 'api', '2024-06-03 00:00:54', '2024-06-03 00:00:54'),
	(927, 'delete facturadet', 'web', '2024-06-03 00:00:54', '2024-06-03 00:00:54'),
	(928, 'delete facturadet', 'api', '2024-06-03 00:00:54', '2024-06-03 00:00:54'),
	(929, 'restore facturadet', 'web', '2024-06-03 00:00:54', '2024-06-03 00:00:54'),
	(930, 'restore facturadet', 'api', '2024-06-03 00:00:54', '2024-06-03 00:00:54'),
	(931, 'force-delete facturadet', 'web', '2024-06-03 00:00:54', '2024-06-03 00:00:54'),
	(932, 'force-delete facturadet', 'api', '2024-06-03 00:00:54', '2024-06-03 00:00:54'),
	(933, 'replicate facturadet', 'web', '2024-06-03 00:00:54', '2024-06-03 00:00:54'),
	(934, 'replicate facturadet', 'api', '2024-06-03 00:00:54', '2024-06-03 00:00:54'),
	(935, 'reorder facturadet', 'web', '2024-06-03 00:00:54', '2024-06-03 00:00:54'),
	(936, 'reorder facturadet', 'api', '2024-06-03 00:00:54', '2024-06-03 00:00:54'),
	(937, 'view-any impuesto', 'web', '2024-06-03 00:00:54', '2024-06-03 00:00:54'),
	(938, 'view-any impuesto', 'api', '2024-06-03 00:00:54', '2024-06-03 00:00:54'),
	(939, 'view impuesto', 'web', '2024-06-03 00:00:54', '2024-06-03 00:00:54'),
	(940, 'view impuesto', 'api', '2024-06-03 00:00:54', '2024-06-03 00:00:54'),
	(941, 'create impuesto', 'web', '2024-06-03 00:00:54', '2024-06-03 00:00:54'),
	(942, 'create impuesto', 'api', '2024-06-03 00:00:54', '2024-06-03 00:00:54'),
	(943, 'update impuesto', 'web', '2024-06-03 00:00:54', '2024-06-03 00:00:54'),
	(944, 'update impuesto', 'api', '2024-06-03 00:00:54', '2024-06-03 00:00:54'),
	(945, 'delete impuesto', 'web', '2024-06-03 00:00:54', '2024-06-03 00:00:54'),
	(946, 'delete impuesto', 'api', '2024-06-03 00:00:54', '2024-06-03 00:00:54'),
	(947, 'restore impuesto', 'web', '2024-06-03 00:00:54', '2024-06-03 00:00:54'),
	(948, 'restore impuesto', 'api', '2024-06-03 00:00:54', '2024-06-03 00:00:54'),
	(949, 'force-delete impuesto', 'web', '2024-06-03 00:00:54', '2024-06-03 00:00:54'),
	(950, 'force-delete impuesto', 'api', '2024-06-03 00:00:54', '2024-06-03 00:00:54'),
	(951, 'replicate impuesto', 'web', '2024-06-03 00:00:54', '2024-06-03 00:00:54'),
	(952, 'replicate impuesto', 'api', '2024-06-03 00:00:54', '2024-06-03 00:00:54'),
	(953, 'reorder impuesto', 'web', '2024-06-03 00:00:54', '2024-06-03 00:00:54'),
	(954, 'reorder impuesto', 'api', '2024-06-03 00:00:54', '2024-06-03 00:00:54'),
	(955, 'view-any maquina', 'web', '2024-06-03 00:00:54', '2024-06-03 00:00:54'),
	(956, 'view-any maquina', 'api', '2024-06-03 00:00:54', '2024-06-03 00:00:54'),
	(957, 'view maquina', 'web', '2024-06-03 00:00:54', '2024-06-03 00:00:54'),
	(958, 'view maquina', 'api', '2024-06-03 00:00:54', '2024-06-03 00:00:54'),
	(959, 'create maquina', 'web', '2024-06-03 00:00:54', '2024-06-03 00:00:54'),
	(960, 'create maquina', 'api', '2024-06-03 00:00:54', '2024-06-03 00:00:54'),
	(961, 'update maquina', 'web', '2024-06-03 00:00:54', '2024-06-03 00:00:54'),
	(962, 'update maquina', 'api', '2024-06-03 00:00:54', '2024-06-03 00:00:54'),
	(963, 'delete maquina', 'web', '2024-06-03 00:00:54', '2024-06-03 00:00:54'),
	(964, 'delete maquina', 'api', '2024-06-03 00:00:54', '2024-06-03 00:00:54'),
	(965, 'restore maquina', 'web', '2024-06-03 00:00:54', '2024-06-03 00:00:54'),
	(966, 'restore maquina', 'api', '2024-06-03 00:00:54', '2024-06-03 00:00:54'),
	(967, 'force-delete maquina', 'web', '2024-06-03 00:00:54', '2024-06-03 00:00:54'),
	(968, 'force-delete maquina', 'api', '2024-06-03 00:00:54', '2024-06-03 00:00:54'),
	(969, 'replicate maquina', 'web', '2024-06-03 00:00:54', '2024-06-03 00:00:54'),
	(970, 'replicate maquina', 'api', '2024-06-03 00:00:54', '2024-06-03 00:00:54'),
	(971, 'reorder maquina', 'web', '2024-06-03 00:00:54', '2024-06-03 00:00:54'),
	(972, 'reorder maquina', 'api', '2024-06-03 00:00:54', '2024-06-03 00:00:54');

-- Volcando estructura para tabla gymadminfull.personal_access_tokens
CREATE TABLE IF NOT EXISTS `personal_access_tokens` (
  `id` bigint unsigned NOT NULL AUTO_INCREMENT,
  `tokenable_type` varchar(255) COLLATE utf8mb4_unicode_ci NOT NULL,
  `tokenable_id` bigint unsigned NOT NULL,
  `name` varchar(255) COLLATE utf8mb4_unicode_ci NOT NULL,
  `token` varchar(64) COLLATE utf8mb4_unicode_ci NOT NULL,
  `abilities` text COLLATE utf8mb4_unicode_ci,
  `last_used_at` timestamp NULL DEFAULT NULL,
  `expires_at` timestamp NULL DEFAULT NULL,
  `created_at` timestamp NULL DEFAULT NULL,
  `updated_at` timestamp NULL DEFAULT NULL,
  PRIMARY KEY (`id`),
  UNIQUE KEY `personal_access_tokens_token_unique` (`token`),
  KEY `personal_access_tokens_tokenable_type_tokenable_id_index` (`tokenable_type`,`tokenable_id`)
) ENGINE=InnoDB DEFAULT CHARSET=utf8mb4 COLLATE=utf8mb4_unicode_ci;

-- Volcando datos para la tabla gymadminfull.personal_access_tokens: ~0 rows (aproximadamente)
DELETE FROM `personal_access_tokens`;

-- Volcando estructura para tabla gymadminfull.productos
CREATE TABLE IF NOT EXISTS `productos` (
  `id` bigint unsigned NOT NULL AUTO_INCREMENT,
  `nombre` varchar(255) COLLATE utf8mb4_unicode_ci NOT NULL,
  `descripcion` varchar(255) COLLATE utf8mb4_unicode_ci NOT NULL,
  `is_visible` tinyint(1) NOT NULL DEFAULT '0',
  `precio` decimal(10,2) DEFAULT NULL,
  `categoriaprods_id` bigint unsigned NOT NULL,
  `gym_id` bigint unsigned NOT NULL,
  `created_at` timestamp NULL DEFAULT NULL,
  `updated_at` timestamp NULL DEFAULT NULL,
  PRIMARY KEY (`id`)
) ENGINE=InnoDB AUTO_INCREMENT=4 DEFAULT CHARSET=utf8mb4 COLLATE=utf8mb4_unicode_ci;

-- Volcando datos para la tabla gymadminfull.productos: ~2 rows (aproximadamente)
DELETE FROM `productos`;
INSERT INTO `productos` (`id`, `nombre`, `descripcion`, `is_visible`, `precio`, `categoriaprods_id`, `gym_id`, `created_at`, `updated_at`) VALUES
	(1, 'Agua de 1/2', 'fada', 0, 5000.00, 1, 1, '2024-05-12 20:54:41', '2024-05-12 20:54:41'),
	(2, 'coca cola de 1/2', '<p>adfalkdjfaklñdjfañdf</p>', 1, 5000.00, 1, 1, '2024-05-12 21:38:57', '2024-05-12 21:38:57'),
	(3, 'producyo d 3000', '<p>fgsfgsdf</p>', 0, 3000.00, 2, 1, '2024-05-13 00:55:26', '2024-05-13 00:55:26');

-- Volcando estructura para tabla gymadminfull.roles
CREATE TABLE IF NOT EXISTS `roles` (
  `id` bigint unsigned NOT NULL AUTO_INCREMENT,
  `name` varchar(255) COLLATE utf8mb4_unicode_ci NOT NULL,
  `guard_name` varchar(255) COLLATE utf8mb4_unicode_ci NOT NULL,
  `created_at` timestamp NULL DEFAULT NULL,
  `updated_at` timestamp NULL DEFAULT NULL,
  PRIMARY KEY (`id`),
  UNIQUE KEY `roles_name_guard_name_unique` (`name`,`guard_name`)
) ENGINE=InnoDB AUTO_INCREMENT=5 DEFAULT CHARSET=utf8mb4 COLLATE=utf8mb4_unicode_ci;

-- Volcando datos para la tabla gymadminfull.roles: ~2 rows (aproximadamente)
DELETE FROM `roles`;
INSERT INTO `roles` (`id`, `name`, `guard_name`, `created_at`, `updated_at`) VALUES
	(1, 'Vendedor', 'web', '2024-05-17 19:50:26', '2024-05-17 19:50:26'),
	(2, 'Super', 'web', '2024-05-17 19:56:01', '2024-05-17 19:56:01'),
	(3, 'Clientes', 'web', '2024-05-20 04:23:04', '2024-05-20 04:23:04'),
	(4, 'Entrenador', 'web', '2024-06-02 23:55:43', '2024-06-02 23:55:43');

-- Volcando estructura para tabla gymadminfull.role_has_permissions
CREATE TABLE IF NOT EXISTS `role_has_permissions` (
  `permission_id` bigint unsigned NOT NULL,
  `role_id` bigint unsigned NOT NULL,
  PRIMARY KEY (`permission_id`,`role_id`),
  KEY `role_has_permissions_role_id_foreign` (`role_id`),
  CONSTRAINT `role_has_permissions_permission_id_foreign` FOREIGN KEY (`permission_id`) REFERENCES `permissions` (`id`) ON DELETE CASCADE,
  CONSTRAINT `role_has_permissions_role_id_foreign` FOREIGN KEY (`role_id`) REFERENCES `roles` (`id`) ON DELETE CASCADE
) ENGINE=InnoDB DEFAULT CHARSET=utf8mb4 COLLATE=utf8mb4_unicode_ci;

-- Volcando datos para la tabla gymadminfull.role_has_permissions: ~849 rows (aproximadamente)
DELETE FROM `role_has_permissions`;
INSERT INTO `role_has_permissions` (`permission_id`, `role_id`) VALUES
	(419, 1),
	(420, 1),
	(423, 1),
	(424, 1),
	(427, 1),
	(428, 1),
	(437, 1),
	(438, 1),
	(441, 1),
	(442, 1),
	(445, 1),
	(446, 1),
	(449, 1),
	(450, 1),
	(455, 1),
	(456, 1),
	(459, 1),
	(460, 1),
	(463, 1),
	(464, 1),
	(467, 1),
	(468, 1),
	(473, 1),
	(474, 1),
	(477, 1),
	(478, 1),
	(481, 1),
	(482, 1),
	(485, 1),
	(486, 1),
	(491, 1),
	(492, 1),
	(495, 1),
	(496, 1),
	(499, 1),
	(500, 1),
	(503, 1),
	(504, 1),
	(509, 1),
	(510, 1),
	(513, 1),
	(514, 1),
	(517, 1),
	(518, 1),
	(527, 1),
	(528, 1),
	(531, 1),
	(532, 1),
	(535, 1),
	(536, 1),
	(545, 1),
	(546, 1),
	(549, 1),
	(550, 1),
	(553, 1),
	(554, 1),
	(563, 1),
	(564, 1),
	(567, 1),
	(568, 1),
	(571, 1),
	(572, 1),
	(581, 1),
	(582, 1),
	(585, 1),
	(586, 1),
	(589, 1),
	(590, 1),
	(599, 1),
	(600, 1),
	(603, 1),
	(604, 1),
	(607, 1),
	(608, 1),
	(617, 1),
	(618, 1),
	(621, 1),
	(622, 1),
	(625, 1),
	(626, 1),
	(635, 1),
	(636, 1),
	(639, 1),
	(640, 1),
	(643, 1),
	(644, 1),
	(649, 1),
	(652, 1),
	(653, 1),
	(654, 1),
	(655, 1),
	(656, 1),
	(657, 1),
	(658, 1),
	(661, 1),
	(662, 1),
	(663, 1),
	(664, 1),
	(665, 1),
	(666, 1),
	(671, 1),
	(672, 1),
	(675, 1),
	(676, 1),
	(679, 1),
	(680, 1),
	(689, 1),
	(690, 1),
	(693, 1),
	(694, 1),
	(697, 1),
	(698, 1),
	(707, 1),
	(708, 1),
	(711, 1),
	(712, 1),
	(715, 1),
	(716, 1),
	(725, 1),
	(726, 1),
	(729, 1),
	(730, 1),
	(733, 1),
	(734, 1),
	(743, 1),
	(744, 1),
	(747, 1),
	(748, 1),
	(751, 1),
	(752, 1),
	(761, 1),
	(762, 1),
	(765, 1),
	(766, 1),
	(769, 1),
	(770, 1),
	(775, 1),
	(777, 1),
	(779, 1),
	(780, 1),
	(783, 1),
	(784, 1),
	(787, 1),
	(788, 1),
	(792, 1),
	(797, 1),
	(798, 1),
	(801, 1),
	(802, 1),
	(805, 1),
	(806, 1),
	(815, 1),
	(816, 1),
	(819, 1),
	(820, 1),
	(823, 1),
	(824, 1),
	(833, 1),
	(834, 1),
	(837, 1),
	(838, 1),
	(841, 1),
	(842, 1),
	(851, 1),
	(852, 1),
	(855, 1),
	(856, 1),
	(859, 1),
	(860, 1),
	(869, 1),
	(870, 1),
	(873, 1),
	(874, 1),
	(877, 1),
	(878, 1),
	(887, 1),
	(888, 1),
	(891, 1),
	(892, 1),
	(895, 1),
	(896, 1),
	(905, 1),
	(906, 1),
	(909, 1),
	(910, 1),
	(913, 1),
	(914, 1),
	(923, 1),
	(924, 1),
	(927, 1),
	(928, 1),
	(931, 1),
	(932, 1),
	(941, 1),
	(942, 1),
	(945, 1),
	(946, 1),
	(949, 1),
	(950, 1),
	(959, 1),
	(960, 1),
	(963, 1),
	(964, 1),
	(967, 1),
	(968, 1),
	(415, 2),
	(416, 2),
	(417, 2),
	(418, 2),
	(419, 2),
	(420, 2),
	(421, 2),
	(422, 2),
	(423, 2),
	(424, 2),
	(425, 2),
	(426, 2),
	(427, 2),
	(428, 2),
	(429, 2),
	(430, 2),
	(431, 2),
	(432, 2),
	(433, 2),
	(434, 2),
	(435, 2),
	(436, 2),
	(437, 2),
	(438, 2),
	(439, 2),
	(440, 2),
	(441, 2),
	(442, 2),
	(443, 2),
	(444, 2),
	(445, 2),
	(446, 2),
	(447, 2),
	(448, 2),
	(449, 2),
	(450, 2),
	(451, 2),
	(452, 2),
	(453, 2),
	(454, 2),
	(455, 2),
	(456, 2),
	(457, 2),
	(458, 2),
	(459, 2),
	(460, 2),
	(461, 2),
	(462, 2),
	(463, 2),
	(464, 2),
	(465, 2),
	(466, 2),
	(467, 2),
	(468, 2),
	(469, 2),
	(470, 2),
	(471, 2),
	(472, 2),
	(473, 2),
	(474, 2),
	(475, 2),
	(476, 2),
	(477, 2),
	(478, 2),
	(479, 2),
	(480, 2),
	(481, 2),
	(482, 2),
	(483, 2),
	(484, 2),
	(485, 2),
	(486, 2),
	(487, 2),
	(488, 2),
	(489, 2),
	(490, 2),
	(491, 2),
	(492, 2),
	(493, 2),
	(494, 2),
	(495, 2),
	(496, 2),
	(497, 2),
	(498, 2),
	(499, 2),
	(500, 2),
	(501, 2),
	(502, 2),
	(503, 2),
	(504, 2),
	(505, 2),
	(506, 2),
	(507, 2),
	(508, 2),
	(509, 2),
	(510, 2),
	(511, 2),
	(512, 2),
	(513, 2),
	(514, 2),
	(515, 2),
	(516, 2),
	(517, 2),
	(518, 2),
	(519, 2),
	(520, 2),
	(521, 2),
	(522, 2),
	(523, 2),
	(524, 2),
	(525, 2),
	(526, 2),
	(527, 2),
	(528, 2),
	(529, 2),
	(530, 2),
	(531, 2),
	(532, 2),
	(533, 2),
	(534, 2),
	(535, 2),
	(536, 2),
	(537, 2),
	(538, 2),
	(539, 2),
	(540, 2),
	(541, 2),
	(542, 2),
	(543, 2),
	(544, 2),
	(545, 2),
	(546, 2),
	(547, 2),
	(548, 2),
	(549, 2),
	(550, 2),
	(551, 2),
	(552, 2),
	(553, 2),
	(554, 2),
	(555, 2),
	(556, 2),
	(557, 2),
	(558, 2),
	(559, 2),
	(560, 2),
	(561, 2),
	(562, 2),
	(563, 2),
	(564, 2),
	(565, 2),
	(566, 2),
	(567, 2),
	(568, 2),
	(569, 2),
	(570, 2),
	(571, 2),
	(572, 2),
	(573, 2),
	(574, 2),
	(575, 2),
	(576, 2),
	(577, 2),
	(578, 2),
	(579, 2),
	(580, 2),
	(581, 2),
	(582, 2),
	(583, 2),
	(584, 2),
	(585, 2),
	(586, 2),
	(587, 2),
	(588, 2),
	(589, 2),
	(590, 2),
	(591, 2),
	(592, 2),
	(593, 2),
	(594, 2),
	(595, 2),
	(596, 2),
	(597, 2),
	(598, 2),
	(599, 2),
	(600, 2),
	(601, 2),
	(602, 2),
	(603, 2),
	(604, 2),
	(605, 2),
	(606, 2),
	(607, 2),
	(608, 2),
	(609, 2),
	(610, 2),
	(611, 2),
	(612, 2),
	(613, 2),
	(614, 2),
	(615, 2),
	(616, 2),
	(617, 2),
	(618, 2),
	(619, 2),
	(620, 2),
	(621, 2),
	(622, 2),
	(623, 2),
	(624, 2),
	(625, 2),
	(626, 2),
	(627, 2),
	(628, 2),
	(629, 2),
	(630, 2),
	(631, 2),
	(632, 2),
	(633, 2),
	(634, 2),
	(635, 2),
	(636, 2),
	(637, 2),
	(638, 2),
	(639, 2),
	(640, 2),
	(641, 2),
	(642, 2),
	(643, 2),
	(644, 2),
	(645, 2),
	(646, 2),
	(647, 2),
	(648, 2),
	(649, 2),
	(650, 2),
	(651, 2),
	(652, 2),
	(653, 2),
	(654, 2),
	(655, 2),
	(656, 2),
	(657, 2),
	(658, 2),
	(659, 2),
	(660, 2),
	(661, 2),
	(662, 2),
	(663, 2),
	(664, 2),
	(665, 2),
	(666, 2),
	(667, 2),
	(668, 2),
	(669, 2),
	(670, 2),
	(671, 2),
	(672, 2),
	(673, 2),
	(674, 2),
	(675, 2),
	(676, 2),
	(677, 2),
	(678, 2),
	(679, 2),
	(680, 2),
	(681, 2),
	(682, 2),
	(683, 2),
	(684, 2),
	(685, 2),
	(686, 2),
	(687, 2),
	(688, 2),
	(689, 2),
	(690, 2),
	(691, 2),
	(692, 2),
	(693, 2),
	(694, 2),
	(695, 2),
	(696, 2),
	(697, 2),
	(698, 2),
	(699, 2),
	(700, 2),
	(701, 2),
	(702, 2),
	(703, 2),
	(704, 2),
	(705, 2),
	(706, 2),
	(707, 2),
	(708, 2),
	(709, 2),
	(710, 2),
	(711, 2),
	(712, 2),
	(713, 2),
	(714, 2),
	(715, 2),
	(716, 2),
	(717, 2),
	(718, 2),
	(719, 2),
	(720, 2),
	(721, 2),
	(722, 2),
	(723, 2),
	(724, 2),
	(725, 2),
	(726, 2),
	(727, 2),
	(728, 2),
	(729, 2),
	(730, 2),
	(731, 2),
	(732, 2),
	(733, 2),
	(734, 2),
	(735, 2),
	(736, 2),
	(737, 2),
	(738, 2),
	(739, 2),
	(740, 2),
	(741, 2),
	(742, 2),
	(743, 2),
	(744, 2),
	(745, 2),
	(746, 2),
	(747, 2),
	(748, 2),
	(749, 2),
	(750, 2),
	(751, 2),
	(752, 2),
	(753, 2),
	(754, 2),
	(755, 2),
	(756, 2),
	(757, 2),
	(758, 2),
	(759, 2),
	(760, 2),
	(761, 2),
	(762, 2),
	(763, 2),
	(764, 2),
	(765, 2),
	(766, 2),
	(767, 2),
	(768, 2),
	(769, 2),
	(770, 2),
	(771, 2),
	(772, 2),
	(773, 2),
	(774, 2),
	(775, 2),
	(776, 2),
	(777, 2),
	(778, 2),
	(779, 2),
	(780, 2),
	(781, 2),
	(782, 2),
	(783, 2),
	(784, 2),
	(785, 2),
	(786, 2),
	(787, 2),
	(788, 2),
	(789, 2),
	(790, 2),
	(791, 2),
	(792, 2),
	(793, 2),
	(794, 2),
	(795, 2),
	(796, 2),
	(797, 2),
	(798, 2),
	(799, 2),
	(800, 2),
	(801, 2),
	(802, 2),
	(803, 2),
	(804, 2),
	(805, 2),
	(806, 2),
	(807, 2),
	(808, 2),
	(809, 2),
	(810, 2),
	(811, 2),
	(812, 2),
	(813, 2),
	(814, 2),
	(815, 2),
	(816, 2),
	(817, 2),
	(818, 2),
	(819, 2),
	(820, 2),
	(821, 2),
	(822, 2),
	(823, 2),
	(824, 2),
	(825, 2),
	(826, 2),
	(827, 2),
	(828, 2),
	(829, 2),
	(830, 2),
	(831, 2),
	(832, 2),
	(833, 2),
	(834, 2),
	(835, 2),
	(836, 2),
	(837, 2),
	(838, 2),
	(839, 2),
	(840, 2),
	(841, 2),
	(842, 2),
	(843, 2),
	(844, 2),
	(845, 2),
	(846, 2),
	(847, 2),
	(848, 2),
	(849, 2),
	(850, 2),
	(851, 2),
	(852, 2),
	(853, 2),
	(854, 2),
	(855, 2),
	(856, 2),
	(857, 2),
	(858, 2),
	(859, 2),
	(860, 2),
	(861, 2),
	(862, 2),
	(863, 2),
	(864, 2),
	(865, 2),
	(866, 2),
	(867, 2),
	(868, 2),
	(869, 2),
	(870, 2),
	(871, 2),
	(872, 2),
	(873, 2),
	(874, 2),
	(875, 2),
	(876, 2),
	(877, 2),
	(878, 2),
	(879, 2),
	(880, 2),
	(881, 2),
	(882, 2),
	(883, 2),
	(884, 2),
	(885, 2),
	(886, 2),
	(887, 2),
	(888, 2),
	(889, 2),
	(890, 2),
	(891, 2),
	(892, 2),
	(893, 2),
	(894, 2),
	(895, 2),
	(896, 2),
	(897, 2),
	(898, 2),
	(899, 2),
	(900, 2),
	(901, 2),
	(902, 2),
	(903, 2),
	(904, 2),
	(905, 2),
	(906, 2),
	(907, 2),
	(908, 2),
	(909, 2),
	(910, 2),
	(911, 2),
	(912, 2),
	(913, 2),
	(914, 2),
	(915, 2),
	(916, 2),
	(917, 2),
	(918, 2),
	(919, 2),
	(920, 2),
	(921, 2),
	(922, 2),
	(923, 2),
	(924, 2),
	(925, 2),
	(926, 2),
	(927, 2),
	(928, 2),
	(929, 2),
	(930, 2),
	(931, 2),
	(932, 2),
	(933, 2),
	(934, 2),
	(935, 2),
	(936, 2),
	(937, 2),
	(938, 2),
	(939, 2),
	(940, 2),
	(941, 2),
	(942, 2),
	(943, 2),
	(944, 2),
	(945, 2),
	(946, 2),
	(947, 2),
	(948, 2),
	(949, 2),
	(950, 2),
	(951, 2),
	(952, 2),
	(953, 2),
	(954, 2),
	(955, 2),
	(956, 2),
	(957, 2),
	(958, 2),
	(959, 2),
	(960, 2),
	(961, 2),
	(962, 2),
	(963, 2),
	(964, 2),
	(965, 2),
	(966, 2),
	(967, 2),
	(968, 2),
	(969, 2),
	(970, 2),
	(971, 2),
	(972, 2),
	(415, 3),
	(416, 3),
	(417, 3),
	(418, 3),
	(419, 3),
	(420, 3),
	(421, 3),
	(422, 3),
	(423, 3),
	(424, 3),
	(425, 3),
	(426, 3),
	(427, 3),
	(428, 3),
	(429, 3),
	(430, 3),
	(431, 3),
	(432, 3),
	(433, 3),
	(434, 3),
	(435, 3),
	(436, 3),
	(437, 3),
	(438, 3),
	(439, 3),
	(440, 3),
	(441, 3),
	(442, 3),
	(443, 3),
	(444, 3),
	(445, 3),
	(446, 3),
	(447, 3),
	(448, 3),
	(449, 3),
	(450, 3),
	(451, 3),
	(452, 3),
	(453, 3),
	(454, 3),
	(455, 3),
	(456, 3),
	(457, 3),
	(458, 3),
	(459, 3),
	(460, 3),
	(461, 3),
	(462, 3),
	(463, 3),
	(464, 3),
	(465, 3),
	(466, 3),
	(467, 3),
	(468, 3),
	(469, 3),
	(470, 3),
	(471, 3),
	(472, 3),
	(473, 3),
	(474, 3),
	(475, 3),
	(476, 3),
	(477, 3),
	(478, 3),
	(479, 3),
	(480, 3),
	(481, 3),
	(482, 3),
	(483, 3),
	(484, 3),
	(485, 3),
	(486, 3),
	(487, 3),
	(488, 3),
	(489, 3),
	(490, 3),
	(491, 3),
	(492, 3),
	(493, 3),
	(494, 3),
	(495, 3),
	(496, 3),
	(497, 3),
	(498, 3),
	(499, 3),
	(500, 3),
	(501, 3),
	(502, 3),
	(503, 3),
	(504, 3),
	(505, 3),
	(506, 3),
	(507, 3),
	(508, 3),
	(509, 3),
	(510, 3),
	(511, 3),
	(512, 3),
	(513, 3),
	(514, 3),
	(515, 3),
	(516, 3),
	(517, 3),
	(518, 3),
	(519, 3),
	(520, 3),
	(521, 3),
	(522, 3),
	(523, 3),
	(524, 3),
	(525, 3),
	(526, 3),
	(527, 3),
	(528, 3),
	(529, 3),
	(530, 3),
	(531, 3),
	(532, 3),
	(533, 3),
	(534, 3),
	(535, 3),
	(536, 3),
	(537, 3),
	(538, 3),
	(539, 3),
	(540, 3),
	(541, 3),
	(542, 3),
	(543, 3),
	(544, 3),
	(545, 3),
	(546, 3),
	(547, 3),
	(548, 3),
	(549, 3),
	(550, 3),
	(551, 3),
	(552, 3),
	(553, 3),
	(554, 3),
	(555, 3),
	(556, 3),
	(557, 3),
	(558, 3),
	(559, 3),
	(560, 3),
	(561, 3),
	(562, 3),
	(563, 3),
	(564, 3),
	(565, 3),
	(566, 3),
	(567, 3),
	(568, 3),
	(569, 3),
	(570, 3),
	(571, 3),
	(572, 3),
	(573, 3),
	(574, 3),
	(575, 3),
	(576, 3),
	(577, 3),
	(578, 3),
	(579, 3),
	(580, 3),
	(581, 3),
	(582, 3),
	(583, 3),
	(584, 3),
	(585, 3),
	(586, 3),
	(587, 3),
	(588, 3),
	(589, 3),
	(590, 3),
	(591, 3),
	(592, 3),
	(593, 3),
	(594, 3),
	(595, 3),
	(596, 3),
	(597, 3),
	(598, 3),
	(599, 3),
	(600, 3),
	(601, 3),
	(602, 3),
	(603, 3),
	(604, 3),
	(605, 3),
	(606, 3),
	(607, 3),
	(608, 3),
	(609, 3),
	(610, 3),
	(611, 3),
	(612, 3),
	(613, 3),
	(614, 3),
	(615, 3),
	(616, 3),
	(617, 3),
	(618, 3),
	(619, 3),
	(620, 3),
	(621, 3),
	(622, 3),
	(623, 3),
	(624, 3),
	(625, 3),
	(626, 3),
	(627, 3),
	(628, 3),
	(629, 3),
	(630, 3),
	(631, 3),
	(632, 3),
	(633, 3),
	(634, 3),
	(635, 3),
	(636, 3),
	(637, 3),
	(638, 3),
	(639, 3),
	(640, 3),
	(641, 3),
	(642, 3),
	(643, 3),
	(644, 3),
	(645, 3),
	(646, 3),
	(647, 3),
	(648, 3),
	(649, 3),
	(650, 3),
	(651, 3),
	(652, 3),
	(653, 3),
	(654, 3),
	(655, 3),
	(656, 3),
	(657, 3),
	(658, 3),
	(659, 3),
	(660, 3),
	(661, 3),
	(662, 3),
	(663, 3),
	(664, 3),
	(665, 3),
	(666, 3),
	(667, 3),
	(668, 3),
	(669, 3),
	(670, 3),
	(671, 3),
	(672, 3),
	(673, 3),
	(674, 3),
	(675, 3),
	(676, 3),
	(677, 3),
	(678, 3),
	(679, 3),
	(680, 3),
	(681, 3),
	(682, 3),
	(683, 3),
	(684, 3),
	(685, 3),
	(686, 3),
	(687, 3),
	(688, 3),
	(689, 3),
	(690, 3),
	(691, 3),
	(692, 3),
	(693, 3),
	(694, 3),
	(695, 3),
	(696, 3),
	(697, 3),
	(698, 3),
	(699, 3),
	(700, 3),
	(701, 3),
	(702, 3),
	(703, 3),
	(704, 3),
	(705, 3),
	(706, 3),
	(707, 3),
	(708, 3),
	(709, 3),
	(710, 3),
	(711, 3),
	(712, 3),
	(713, 3),
	(714, 3),
	(715, 3),
	(716, 3),
	(717, 3),
	(718, 3),
	(719, 3),
	(720, 3),
	(721, 3),
	(722, 3),
	(723, 3),
	(724, 3),
	(725, 3),
	(726, 3),
	(727, 3),
	(728, 3),
	(729, 3),
	(730, 3),
	(731, 3),
	(732, 3),
	(733, 3),
	(734, 3),
	(735, 3),
	(736, 3),
	(737, 3),
	(738, 3),
	(739, 3),
	(740, 3),
	(741, 3),
	(742, 3),
	(743, 3),
	(744, 3),
	(745, 3),
	(746, 3),
	(747, 3),
	(748, 3),
	(749, 3),
	(750, 3),
	(751, 3),
	(752, 3),
	(753, 3),
	(754, 3),
	(755, 3),
	(756, 3),
	(757, 3),
	(758, 3),
	(759, 3),
	(760, 3),
	(761, 3),
	(762, 3),
	(763, 3),
	(764, 3),
	(765, 3),
	(766, 3),
	(767, 3),
	(768, 3),
	(769, 3),
	(770, 3),
	(771, 3),
	(772, 3),
	(773, 3),
	(774, 3),
	(775, 3),
	(776, 3),
	(777, 3),
	(778, 3),
	(779, 3),
	(780, 3),
	(781, 3),
	(782, 3),
	(783, 3),
	(784, 3),
	(785, 3),
	(786, 3),
	(787, 3),
	(788, 3),
	(789, 3),
	(790, 3),
	(791, 3),
	(792, 3),
	(793, 3),
	(794, 3),
	(795, 3),
	(796, 3),
	(797, 3),
	(798, 3),
	(799, 3),
	(800, 3),
	(801, 3),
	(802, 3),
	(803, 3),
	(804, 3),
	(805, 3),
	(806, 3),
	(807, 3),
	(808, 3),
	(809, 3),
	(810, 3),
	(811, 3),
	(812, 3),
	(813, 3),
	(814, 3),
	(815, 3),
	(816, 3),
	(817, 3),
	(818, 3),
	(819, 3),
	(820, 3),
	(821, 3),
	(822, 3),
	(823, 3),
	(824, 3),
	(825, 3),
	(826, 3),
	(827, 3),
	(828, 3),
	(829, 3),
	(830, 3),
	(831, 3),
	(832, 3),
	(833, 3),
	(834, 3),
	(835, 3),
	(836, 3),
	(837, 3),
	(838, 3),
	(839, 3),
	(840, 3),
	(841, 3),
	(842, 3),
	(843, 3),
	(844, 3),
	(845, 3),
	(846, 3),
	(847, 3),
	(848, 3),
	(849, 3),
	(850, 3),
	(851, 3),
	(852, 3),
	(853, 3),
	(854, 3),
	(855, 3),
	(856, 3),
	(857, 3),
	(858, 3),
	(859, 3),
	(860, 3),
	(861, 3),
	(862, 3),
	(863, 3),
	(864, 3),
	(865, 3),
	(866, 3),
	(867, 3),
	(868, 3),
	(869, 3),
	(870, 3),
	(871, 3),
	(872, 3),
	(873, 3),
	(874, 3),
	(875, 3),
	(876, 3),
	(877, 3),
	(878, 3),
	(879, 3),
	(880, 3),
	(881, 3),
	(882, 3),
	(883, 3),
	(884, 3),
	(885, 3),
	(886, 3),
	(887, 3),
	(888, 3),
	(889, 3),
	(890, 3),
	(891, 3),
	(892, 3),
	(893, 3),
	(894, 3),
	(895, 3),
	(896, 3),
	(897, 3),
	(898, 3),
	(899, 3),
	(900, 3),
	(901, 3),
	(902, 3),
	(903, 3),
	(904, 3),
	(905, 3),
	(906, 3),
	(907, 3),
	(908, 3),
	(909, 3),
	(910, 3),
	(911, 3),
	(912, 3),
	(913, 3),
	(914, 3),
	(915, 3),
	(916, 3),
	(917, 3),
	(918, 3),
	(919, 3),
	(920, 3),
	(921, 3),
	(922, 3),
	(923, 3),
	(924, 3),
	(925, 3),
	(926, 3),
	(927, 3),
	(928, 3),
	(929, 3),
	(930, 3),
	(931, 3),
	(932, 3),
	(933, 3),
	(934, 3),
	(935, 3),
	(936, 3),
	(937, 3),
	(938, 3),
	(939, 3),
	(940, 3),
	(941, 3),
	(942, 3),
	(943, 3),
	(944, 3),
	(945, 3),
	(946, 3),
	(947, 3),
	(948, 3),
	(949, 3),
	(950, 3),
	(951, 3),
	(952, 3),
	(953, 3),
	(954, 3),
	(955, 3),
	(956, 3),
	(957, 3),
	(958, 3),
	(959, 3),
	(960, 3),
	(961, 3),
	(962, 3),
	(963, 3),
	(964, 3),
	(965, 3),
	(966, 3),
	(967, 3),
	(968, 3),
	(969, 3),
	(970, 3),
	(971, 3),
	(972, 3),
	(419, 4),
	(420, 4),
	(437, 4),
	(438, 4),
	(441, 4),
	(442, 4),
	(455, 4),
	(456, 4),
	(459, 4),
	(460, 4),
	(473, 4),
	(474, 4),
	(477, 4),
	(478, 4),
	(491, 4),
	(492, 4),
	(495, 4),
	(496, 4),
	(509, 4),
	(510, 4),
	(513, 4),
	(514, 4),
	(527, 4),
	(528, 4),
	(531, 4),
	(532, 4),
	(545, 4),
	(546, 4),
	(549, 4),
	(550, 4),
	(563, 4),
	(564, 4),
	(581, 4),
	(582, 4),
	(599, 4),
	(600, 4),
	(617, 4),
	(618, 4),
	(635, 4),
	(636, 4),
	(653, 4),
	(654, 4),
	(671, 4),
	(672, 4),
	(675, 4),
	(676, 4),
	(689, 4),
	(690, 4),
	(693, 4),
	(694, 4),
	(707, 4),
	(708, 4),
	(725, 4),
	(726, 4),
	(743, 4),
	(744, 4),
	(761, 4),
	(762, 4),
	(779, 4),
	(780, 4),
	(797, 4),
	(798, 4),
	(815, 4),
	(816, 4),
	(833, 4),
	(834, 4),
	(837, 4),
	(838, 4),
	(851, 4),
	(852, 4),
	(855, 4),
	(856, 4),
	(869, 4),
	(870, 4),
	(873, 4),
	(874, 4);

-- Volcando estructura para tabla gymadminfull.rutinadet
CREATE TABLE IF NOT EXISTS `rutinadet` (
  `id` bigint unsigned NOT NULL AUTO_INCREMENT,
  `rutina_id` bigint unsigned NOT NULL,
  `ejercicios_id` bigint unsigned NOT NULL,
  `repeticion` int NOT NULL,
  `descanso` int NOT NULL,
  `created_at` timestamp NULL DEFAULT NULL,
  `updated_at` timestamp NULL DEFAULT NULL,
  `gym_id` int DEFAULT NULL,
  PRIMARY KEY (`id`)
) ENGINE=InnoDB AUTO_INCREMENT=4 DEFAULT CHARSET=utf8mb4 COLLATE=utf8mb4_unicode_ci;

-- Volcando datos para la tabla gymadminfull.rutinadet: ~2 rows (aproximadamente)
DELETE FROM `rutinadet`;
INSERT INTO `rutinadet` (`id`, `rutina_id`, `ejercicios_id`, `repeticion`, `descanso`, `created_at`, `updated_at`, `gym_id`) VALUES
	(1, 1, 1, 20, 5, '2024-05-09 16:15:20', '2024-05-09 16:15:20', 1),
	(2, 2, 2, 2, 6, '2024-05-29 06:16:56', '2024-05-29 06:16:56', 1),
	(3, 2, 1, 2, 6, '2024-06-02 20:09:25', '2024-06-02 20:09:25', 1);

-- Volcando estructura para tabla gymadminfull.rutinas
CREATE TABLE IF NOT EXISTS `rutinas` (
  `id` bigint unsigned NOT NULL AUTO_INCREMENT,
  `fecha_emision` date NOT NULL,
  `actividads_id` bigint unsigned NOT NULL,
  `entrenadors_id` bigint unsigned NOT NULL,
  `clientes_id` bigint unsigned NOT NULL,
  `gym_id` bigint unsigned NOT NULL,
  `created_at` timestamp NULL DEFAULT NULL,
  `updated_at` timestamp NULL DEFAULT NULL,
  PRIMARY KEY (`id`)
) ENGINE=InnoDB AUTO_INCREMENT=3 DEFAULT CHARSET=utf8mb4 COLLATE=utf8mb4_unicode_ci;

-- Volcando datos para la tabla gymadminfull.rutinas: ~0 rows (aproximadamente)
DELETE FROM `rutinas`;
INSERT INTO `rutinas` (`id`, `fecha_emision`, `actividads_id`, `entrenadors_id`, `clientes_id`, `gym_id`, `created_at`, `updated_at`) VALUES
	(1, '2024-05-09', 1, 1, 1, 1, '2024-05-09 16:15:20', '2024-05-09 16:15:20'),
	(2, '2024-05-29', 2, 1, 2, 1, '2024-05-29 06:16:56', '2024-05-29 06:16:56');

-- Volcando estructura para tabla gymadminfull.sliders
CREATE TABLE IF NOT EXISTS `sliders` (
  `id` bigint unsigned NOT NULL AUTO_INCREMENT,
  `titulo` varchar(255) COLLATE utf8mb4_unicode_ci NOT NULL,
  `descripcion` text COLLATE utf8mb4_unicode_ci NOT NULL,
  `imagen` text COLLATE utf8mb4_unicode_ci NOT NULL,
  `created_at` timestamp NULL DEFAULT NULL,
  `updated_at` timestamp NULL DEFAULT NULL,
  PRIMARY KEY (`id`)
) ENGINE=InnoDB AUTO_INCREMENT=3 DEFAULT CHARSET=utf8mb4 COLLATE=utf8mb4_unicode_ci;

-- Volcando datos para la tabla gymadminfull.sliders: ~0 rows (aproximadamente)
DELETE FROM `sliders`;
INSERT INTO `sliders` (`id`, `titulo`, `descripcion`, `imagen`, `created_at`, `updated_at`) VALUES
	(1, 'Software de gestión de gimnasios', '<p><br></p><p><br></p><p>contactos al <a href="http://wa.me/595972813605"><span style="text-decoration: underline;">0972813605</span></a></p>', '01HXEJ502WHEGAXCRAM2PPEDM5.jpg', '2024-05-09 15:34:53', '2024-05-24 03:19:53'),
	(2, 'Gentiona todas desde un lugar', '<p>contactonos al: <a href="http://wa.me/5959972813605">+595972813605</a></p>', '01HZ8WE6CXV09P7Z7S5PAM13N9.png', '2024-06-01 07:10:37', '2024-06-01 07:10:37');

-- Volcando estructura para tabla gymadminfull.suscripcions
CREATE TABLE IF NOT EXISTS `suscripcions` (
  `id` bigint unsigned NOT NULL AUTO_INCREMENT,
  `actividads_id` bigint unsigned NOT NULL,
  `clientes_id` bigint unsigned NOT NULL,
  `gym_id` bigint unsigned NOT NULL,
  `habilitado` tinyint(1) NOT NULL DEFAULT '0',
  `created_at` timestamp NULL DEFAULT NULL,
  `updated_at` timestamp NULL DEFAULT NULL,
  PRIMARY KEY (`id`)
) ENGINE=InnoDB AUTO_INCREMENT=8 DEFAULT CHARSET=utf8mb4 COLLATE=utf8mb4_unicode_ci;

-- Volcando datos para la tabla gymadminfull.suscripcions: ~6 rows (aproximadamente)
DELETE FROM `suscripcions`;
INSERT INTO `suscripcions` (`id`, `actividads_id`, `clientes_id`, `gym_id`, `habilitado`, `created_at`, `updated_at`) VALUES
	(1, 2, 1, 1, 1, '2024-05-06 15:36:56', '2024-05-06 15:36:56'),
	(2, 4, 2, 1, 1, '2024-05-14 23:00:47', '2024-05-29 06:46:37'),
	(3, 1, 2, 1, 1, '2024-05-29 06:33:06', '2024-05-29 20:07:06'),
	(4, 14, 2, 1, 0, '2024-05-29 21:33:03', '2024-06-02 22:04:00'),
	(5, 3, 2, 1, 0, '2024-06-10 05:20:37', '2024-06-10 05:20:37'),
	(6, 2, 2, 1, 0, '2024-06-10 05:21:07', '2024-06-10 05:21:07'),
	(7, 2, 3, 1, 0, '2024-06-10 06:24:35', '2024-06-10 06:24:35');

-- Volcando estructura para tabla gymadminfull.tarifas
CREATE TABLE IF NOT EXISTS `tarifas` (
  `id` bigint unsigned NOT NULL AUTO_INCREMENT,
  `actividads_id` bigint unsigned NOT NULL,
  `dias` int NOT NULL,
  `precio` int NOT NULL,
  `gym_id` bigint unsigned NOT NULL,
  `created_at` timestamp NULL DEFAULT NULL,
  `updated_at` timestamp NULL DEFAULT NULL,
  `impuestos_id` bigint unsigned NOT NULL,
  `descripcion` varchar(255) COLLATE utf8mb4_unicode_ci NOT NULL,
  `cantidad` decimal(10,2) DEFAULT NULL,
  PRIMARY KEY (`id`)
) ENGINE=InnoDB AUTO_INCREMENT=5 DEFAULT CHARSET=utf8mb4 COLLATE=utf8mb4_unicode_ci;

-- Volcando datos para la tabla gymadminfull.tarifas: ~4 rows (aproximadamente)
DELETE FROM `tarifas`;
INSERT INTO `tarifas` (`id`, `actividads_id`, `dias`, `precio`, `gym_id`, `created_at`, `updated_at`, `impuestos_id`, `descripcion`, `cantidad`) VALUES
	(1, 4, 30, 50000, 1, '2024-05-23 23:16:57', '2024-05-23 23:16:57', 3, 'suscripcion crossfit', 1.00),
	(2, 4, 30, 50000, 1, '2024-05-23 23:46:08', '2024-05-23 23:46:08', 3, 'suscripcion crossfit', 1.00),
	(3, 1, 5, 40000, 1, '2024-05-29 20:06:44', '2024-05-29 20:06:44', 3, 'suscripcion crossfit', 1.00),
	(4, 14, 1, 5000, 1, '2024-05-29 21:33:55', '2024-05-29 21:33:55', 3, 'suscripcion ACTIVIDAD DE EJEMPLO', 1.00);

-- Volcando estructura para tabla gymadminfull.tipoejercicios
CREATE TABLE IF NOT EXISTS `tipoejercicios` (
  `id` bigint unsigned NOT NULL AUTO_INCREMENT,
  `nombre` varchar(255) COLLATE utf8mb4_unicode_ci NOT NULL,
  `created_at` timestamp NULL DEFAULT NULL,
  `updated_at` timestamp NULL DEFAULT NULL,
  PRIMARY KEY (`id`)
) ENGINE=InnoDB AUTO_INCREMENT=11 DEFAULT CHARSET=utf8mb4 COLLATE=utf8mb4_unicode_ci;

-- Volcando datos para la tabla gymadminfull.tipoejercicios: ~8 rows (aproximadamente)
DELETE FROM `tipoejercicios`;
INSERT INTO `tipoejercicios` (`id`, `nombre`, `created_at`, `updated_at`) VALUES
	(1, 'Entrenamiento de Fuerza', '2024-05-09 16:05:23', '2024-06-02 07:22:08'),
	(2, 'Entrenamiento Funcional', '2024-05-09 16:05:36', '2024-06-02 07:22:52'),
	(3, 'Cardio', '2024-06-02 07:21:29', '2024-06-02 07:21:29'),
	(4, 'Flexibilidad y Movilidad', '2024-06-02 07:23:08', '2024-06-02 07:23:08'),
	(5, 'Entrenamiento de Alta Intensidad', '2024-06-02 07:23:19', '2024-06-02 07:23:19'),
	(6, 'Entrenamiento de Resistencia', '2024-06-02 07:23:26', '2024-06-02 07:23:26'),
	(7, 'Entrenamiento de Peso Corporal', '2024-06-02 07:23:35', '2024-06-02 07:23:35'),
	(8, 'ntrenamiento de Equilibrio y Coordinación', '2024-06-02 07:23:41', '2024-06-02 07:23:41'),
	(9, 'Entrenamiento de Artes Marciales', '2024-06-02 07:23:49', '2024-06-02 07:23:49'),
	(10, 'Actividades Grupales', '2024-06-02 07:23:59', '2024-06-02 07:23:59');

-- Volcando estructura para tabla gymadminfull.users
CREATE TABLE IF NOT EXISTS `users` (
  `id` bigint unsigned NOT NULL AUTO_INCREMENT,
  `name` varchar(255) COLLATE utf8mb4_unicode_ci NOT NULL,
  `email` varchar(255) COLLATE utf8mb4_unicode_ci NOT NULL,
  `email_verified_at` timestamp NULL DEFAULT NULL,
  `password` varchar(255) COLLATE utf8mb4_unicode_ci NOT NULL,
  `remember_token` varchar(100) COLLATE utf8mb4_unicode_ci DEFAULT NULL,
  `gym_id` bigint unsigned NOT NULL,
  `created_at` timestamp NULL DEFAULT NULL,
  `updated_at` timestamp NULL DEFAULT NULL,
  `isadmin` tinyint(1) DEFAULT '0',
  PRIMARY KEY (`id`),
  UNIQUE KEY `users_email_unique` (`email`)
) ENGINE=InnoDB AUTO_INCREMENT=22 DEFAULT CHARSET=utf8mb4 COLLATE=utf8mb4_unicode_ci;

-- Volcando datos para la tabla gymadminfull.users: ~8 rows (aproximadamente)
DELETE FROM `users`;
INSERT INTO `users` (`id`, `name`, `email`, `email_verified_at`, `password`, `remember_token`, `gym_id`, `created_at`, `updated_at`, `isadmin`) VALUES
	(1, 'darildiaz', 'darildiaz29@gmail.com', NULL, '$2y$10$gdItiiC4FXtqf4HgaIr5A.KrBEgFxyMa2Tov11YabvJNko.nnFFgy', NULL, 1, '2024-06-02 20:52:19', '2024-06-02 20:52:20', 1),
	(2, 'gym2admin', 'gym2admin1@gmail.com', NULL, '$2y$10$gdItiiC4FXtqf4HgaIr5A.KrBEgFxyMa2Tov11YabvJNko.nnFFgy', NULL, 2, '2024-05-13 03:37:52', '2024-05-13 03:37:52', 0),
	(3, 'cliente1gym1', 'cliente1gym1@gmail.com', NULL, '$2y$10$kIKCnKnTt892rxJ4oNwCdeG7E7p3ooZbbxahPFEA4ymIWoOY6NZbO', NULL, 1, '2024-05-20 04:46:31', '2024-05-20 05:02:53', 0),
	(4, 'Entrenador1gym1', 'entrenador1gym1@gmail.com', NULL, '$2y$10$gdItiiC4FXtqf4HgaIr5A.KrBEgFxyMa2Tov11YabvJNko.nnFFgy', NULL, 1, '2024-05-24 00:21:52', '2024-05-24 00:21:52', 0),
	(5, 'Cliente2gym1', 'Cliente2gym1@gmail.com', NULL, '$2y$10$gdItiiC4FXtqf4HgaIr5A.KrBEgFxyMa2Tov11YabvJNko.nnFFgy', NULL, 1, '2024-06-02 19:11:02', '2024-06-02 19:11:02', 0),
	(15, 'admin2', 'admin2@gmail.com', NULL, '12345678', NULL, 1, '2024-06-03 00:29:44', '2024-06-03 00:29:44', 1),
	(17, 'gym2', 'entrenador1gym5@gmail.com', NULL, '12345678', NULL, 2, '2024-06-03 00:34:17', '2024-06-03 00:34:17', 1),
	(19, 'gym25', 'cliente25gym1@gmail.com', NULL, '$2y$10$kCJ0YQz8a0iRnuDgrSMrO.nq3z.pIwvL4AeyoFI9LYoyhp5CpsLGG', NULL, 2, '2024-06-03 01:01:59', '2024-06-03 01:01:59', 1),
	(20, 'Entrenador333', 'Entrenador333@gmaail.com', NULL, '$2y$10$gEpKqtxfHq65Uhvky47G9e9wRcYBWWhJn96QF8k2DYx2szWTNTXCO', NULL, 1, '2024-06-03 01:07:01', '2024-06-03 01:08:25', 0),
	(21, '5192306', '5192306@gmail.com', NULL, '$2y$10$q5vJSKvAyRuDg3N7qF7SX.i26S0h8CXB0mUVisUDkNv.9dIA0CowK', NULL, 1, '2024-06-03 01:24:27', '2024-06-03 01:24:27', 0);

-- Volcando estructura para tabla gymadminfull.ventadet
CREATE TABLE IF NOT EXISTS `ventadet` (
  `id` bigint unsigned NOT NULL AUTO_INCREMENT,
  `venta_id` bigint unsigned NOT NULL,
  `productos_id` bigint unsigned NOT NULL,
  `cantidad` decimal(10,2) DEFAULT NULL,
  `precio` decimal(10,2) DEFAULT NULL,
  `created_at` timestamp NULL DEFAULT NULL,
  `updated_at` timestamp NULL DEFAULT NULL,
  PRIMARY KEY (`id`)
) ENGINE=InnoDB AUTO_INCREMENT=17 DEFAULT CHARSET=utf8mb4 COLLATE=utf8mb4_unicode_ci;

-- Volcando datos para la tabla gymadminfull.ventadet: ~11 rows (aproximadamente)
DELETE FROM `ventadet`;
INSERT INTO `ventadet` (`id`, `venta_id`, `productos_id`, `cantidad`, `precio`, `created_at`, `updated_at`) VALUES
	(1, 1, 1, 1.00, 5000.00, '2024-05-12 23:22:39', '2024-05-12 23:22:39'),
	(2, 2, 1, 1.00, 5000.00, '2024-05-12 23:36:51', '2024-05-12 23:49:40'),
	(4, 3, 1, 3.00, 5000.00, '2024-05-13 00:32:11', '2024-05-13 00:32:11'),
	(5, 4, 1, 3.00, 5000.00, '2024-05-13 00:44:38', '2024-05-13 00:44:38'),
	(6, 4, 2, 2.00, 5000.00, '2024-05-13 00:46:27', '2024-05-13 00:52:06'),
	(7, 5, 3, 1.00, 3000.00, '2024-05-13 00:57:47', '2024-05-13 00:57:47'),
	(8, 7, 1, 2.00, 5000.00, '2024-05-13 01:07:39', '2024-05-13 01:07:39'),
	(9, 8, 1, 2.00, 5000.00, '2024-05-13 01:33:56', '2024-05-13 01:33:56'),
	(10, 9, 1, 2.00, 5000.00, '2024-05-13 01:38:04', '2024-05-13 01:38:04'),
	(11, 10, 1, 2.00, 5000.00, '2024-05-13 01:38:47', '2024-05-13 01:38:47'),
	(12, 11, 1, 2.00, 5000.00, '2024-05-13 01:42:04', '2024-05-13 01:42:04'),
	(13, 12, 1, 2.00, 5000.00, '2024-05-13 01:43:18', '2024-05-13 01:43:18'),
	(14, 13, 1, 2.00, 5000.00, '2024-05-20 01:13:22', '2024-05-20 01:13:22'),
	(15, 14, 1, 2.00, 5000.00, '2024-05-20 01:14:41', '2024-05-20 01:14:41'),
	(16, 15, 1, 2.00, 5000.00, '2024-05-24 04:03:24', '2024-05-24 04:03:24');

-- Volcando estructura para tabla gymadminfull.ventas
CREATE TABLE IF NOT EXISTS `ventas` (
  `id` bigint unsigned NOT NULL AUTO_INCREMENT,
  `fecha` date NOT NULL,
  `clientes_id` bigint unsigned NOT NULL,
  `descuento` decimal(10,2) DEFAULT NULL,
  `total` decimal(10,2) DEFAULT NULL,
  `gym_id` bigint unsigned NOT NULL,
  `created_at` timestamp NULL DEFAULT NULL,
  `updated_at` timestamp NULL DEFAULT NULL,
  PRIMARY KEY (`id`)
) ENGINE=InnoDB AUTO_INCREMENT=16 DEFAULT CHARSET=utf8mb4 COLLATE=utf8mb4_unicode_ci;

-- Volcando datos para la tabla gymadminfull.ventas: ~0 rows (aproximadamente)
DELETE FROM `ventas`;
INSERT INTO `ventas` (`id`, `fecha`, `clientes_id`, `descuento`, `total`, `gym_id`, `created_at`, `updated_at`) VALUES
	(15, '2024-05-24', 1, 0.00, NULL, 1, '2024-05-24 04:03:24', '2024-05-24 04:03:24');

-- Volcando estructura para tabla gymadminfull.visitas
CREATE TABLE IF NOT EXISTS `visitas` (
  `id` bigint unsigned NOT NULL AUTO_INCREMENT,
  `fecha` date NOT NULL,
  `actividads_id` bigint unsigned NOT NULL,
  `clientes_id` bigint unsigned NOT NULL,
  `gym_id` bigint unsigned NOT NULL,
  `created_at` timestamp NULL DEFAULT NULL,
  `updated_at` timestamp NULL DEFAULT NULL,
  PRIMARY KEY (`id`)
) ENGINE=InnoDB AUTO_INCREMENT=20 DEFAULT CHARSET=utf8mb4 COLLATE=utf8mb4_unicode_ci;

-- Volcando datos para la tabla gymadminfull.visitas: ~17 rows (aproximadamente)
DELETE FROM `visitas`;
INSERT INTO `visitas` (`id`, `fecha`, `actividads_id`, `clientes_id`, `gym_id`, `created_at`, `updated_at`) VALUES
	(1, '2024-05-12', 2, 1, 1, '2024-05-09 17:20:03', '2024-05-13 03:08:04'),
	(2, '2024-05-09', 1, 1, 1, '2024-05-09 17:21:08', '2024-05-09 17:21:08'),
	(3, '2024-05-09', 2, 1, 1, '2024-05-09 23:45:45', '2024-05-09 23:45:45'),
	(4, '2024-06-09', 2, 1, 1, '2024-05-09 23:47:32', '2024-05-09 23:47:32'),
	(5, '2024-05-09', 2, 1, 1, '2024-05-09 23:48:41', '2024-05-09 23:48:41'),
	(6, '2024-05-09', 2, 1, 1, '2024-05-10 00:19:46', '2024-05-10 00:19:46'),
	(7, '2024-05-09', 2, 1, 1, '2024-05-10 00:20:52', '2024-05-10 00:20:52'),
	(8, '2024-05-23', 2, 1, 1, '2024-05-24 00:56:58', '2024-05-24 00:56:58'),
	(9, '2024-05-28', 4, 2, 1, '2024-05-28 19:41:20', '2024-05-28 19:41:20'),
	(10, '2024-05-28', 5, 2, 1, '2024-05-28 19:45:05', '2024-05-29 03:59:32'),
	(11, '2024-05-29', 2, 1, 1, '2024-05-29 04:06:06', '2024-05-29 04:06:06'),
	(12, '2024-05-29', 14, 2, 1, '2024-05-29 21:39:41', '2024-05-29 21:39:41'),
	(13, '2024-05-29', 14, 2, 1, '2024-05-29 21:40:25', '2024-05-29 21:40:25'),
	(14, '2024-05-29', 14, 2, 1, '2024-05-29 21:41:23', '2024-05-29 21:41:23'),
	(15, '2024-05-29', 14, 2, 1, '2024-05-29 21:42:34', '2024-05-29 21:42:34'),
	(16, '2024-05-29', 14, 2, 1, '2024-05-29 22:12:45', '2024-05-29 22:12:45'),
	(17, '2024-05-29', 14, 2, 1, '2024-05-29 22:13:02', '2024-05-29 22:13:02'),
	(18, '2024-05-29', 14, 2, 1, '2024-05-29 22:13:50', '2024-05-29 22:13:50'),
	(19, '2024-06-02', 14, 2, 1, '2024-06-02 22:04:00', '2024-06-02 22:04:00');

-- Volcando estructura para disparador gymadminfull.after_user_insert
SET @OLDTMP_SQL_MODE=@@SQL_MODE, SQL_MODE='ONLY_FULL_GROUP_BY,STRICT_TRANS_TABLES,NO_ZERO_IN_DATE,NO_ZERO_DATE,ERROR_FOR_DIVISION_BY_ZERO,NO_ENGINE_SUBSTITUTION';
DELIMITER //
CREATE TRIGGER `after_user_insert` AFTER INSERT ON `users` FOR EACH ROW BEGIN
-- Verificar si el gym_id está asignado
    IF NEW.gym_id IS NOT NULL THEN
        -- Insertar un nuevo registro en gym_user
        INSERT INTO gym_user (user_id, gym_id)
        VALUES (NEW.id, NEW.gym_id);
    END IF;
END//
DELIMITER ;
SET SQL_MODE=@OLDTMP_SQL_MODE;

/*!40103 SET TIME_ZONE=IFNULL(@OLD_TIME_ZONE, 'system') */;
/*!40101 SET SQL_MODE=IFNULL(@OLD_SQL_MODE, '') */;
/*!40014 SET FOREIGN_KEY_CHECKS=IFNULL(@OLD_FOREIGN_KEY_CHECKS, 1) */;
/*!40101 SET CHARACTER_SET_CLIENT=@OLD_CHARACTER_SET_CLIENT */;
/*!40111 SET SQL_NOTES=IFNULL(@OLD_SQL_NOTES, 1) */;
